Window 1,Window 2,Window 3,Window 4,Heat Control 1,Heat Control 2,Heat Control 3,Heat Control 4,Door 1,Door 2,Door 3,Temperature Outside,Temperature Bed
0.0,0.0,1.0,1.0,0.0,5.0,1.0,1.0,0.0,1.0,1.0,8.232086245624073,17.077425657850714
0.0,0.0,1.0,1.0,1.0,4.0,1.0,3.0,1.0,1.0,1.0,5.935949354721204,16.41322122592278
1.0,1.0,1.0,0.0,1.0,5.0,5.0,3.0,0.0,0.0,1.0,10.550270828303068,23.22855935310786
0.0,1.0,1.0,0.0,4.0,3.0,3.0,3.0,1.0,0.0,0.0,2.591696293077381,16.224343974378723
1.0,0.0,0.0,1.0,2.0,1.0,4.0,0.0,1.0,1.0,1.0,18.516630760574603,21.04720813951343
1.0,0.0,1.0,0.0,5.0,3.0,0.0,0.0,0.0,1.0,0.0,19.396904711322208,21.883727570853853
1.0,1.0,1.0,1.0,2.0,0.0,1.0,1.0,0.0,0.0,1.0,-2.0032094782475993,21.055996723491162
0.0,1.0,0.0,0.0,4.0,2.0,2.0,3.0,0.0,0.0,1.0,14.051944216209808,22.984019377216434
1.0,0.0,1.0,0.0,1.0,1.0,2.0,2.0,1.0,0.0,1.0,-1.1685183387305589,17.319180488812012
0.0,1.0,0.0,1.0,1.0,3.0,1.0,1.0,1.0,1.0,1.0,17.04429069936984,20.26155342386039
0.0,0.0,1.0,1.0,3.0,4.0,1.0,1.0,0.0,0.0,0.0,21.306042334508362,24.53023221921577
1.0,1.0,0.0,0.0,0.0,1.0,1.0,5.0,0.0,0.0,1.0,6.31260751009669,19.416503588214134
0.0,1.0,1.0,1.0,1.0,2.0,4.0,1.0,0.0,1.0,1.0,20.10257086076072,22.229604437020814
0.0,0.0,0.0,0.0,0.0,5.0,2.0,1.0,0.0,0.0,1.0,7.728582543397549,20.35347515872559
1.0,0.0,0.0,0.0,0.0,5.0,5.0,2.0,1.0,1.0,1.0,16.94252597502839,19.28853823275594
0.0,0.0,1.0,1.0,1.0,4.0,2.0,5.0,1.0,0.0,1.0,11.05470859978928,18.562713506171292
0.0,0.0,1.0,0.0,1.0,2.0,0.0,0.0,1.0,0.0,0.0,20.456926048259447,22.514518586809796
0.0,0.0,0.0,0.0,4.0,4.0,3.0,3.0,1.0,0.0,0.0,8.600078941283163,22.991042687543764
0.0,0.0,1.0,0.0,0.0,1.0,5.0,3.0,0.0,0.0,0.0,14.905959497445885,21.079178508473774
0.0,0.0,0.0,1.0,3.0,1.0,0.0,0.0,0.0,0.0,0.0,1.7927522840944858,21.232369470760663
0.0,1.0,1.0,0.0,3.0,4.0,3.0,0.0,0.0,1.0,1.0,12.24381517091605,21.076886112338602
0.0,0.0,0.0,0.0,3.0,2.0,3.0,4.0,0.0,1.0,1.0,2.109215699463502,22.65358775248838
0.0,0.0,0.0,1.0,1.0,3.0,5.0,4.0,0.0,0.0,1.0,19.920418332891863,25.496577734633284
1.0,1.0,0.0,0.0,5.0,5.0,4.0,4.0,0.0,1.0,0.0,7.714217322002067,17.61070363379697
1.0,0.0,0.0,1.0,2.0,1.0,1.0,0.0,0.0,0.0,0.0,4.646086173844912,21.799341762778003
1.0,1.0,1.0,0.0,0.0,4.0,2.0,4.0,1.0,0.0,1.0,5.204203568991581,16.09089835117284
1.0,1.0,0.0,1.0,4.0,2.0,4.0,1.0,0.0,1.0,1.0,17.390710718456013,21.50321116365883
1.0,0.0,0.0,1.0,0.0,5.0,5.0,5.0,1.0,0.0,0.0,18.748357686833558,20.16158497899302
1.0,1.0,1.0,1.0,5.0,2.0,0.0,0.0,0.0,1.0,1.0,5.861576804078926,17.974961447657474
1.0,0.0,0.0,0.0,4.0,3.0,5.0,1.0,0.0,0.0,0.0,-3.3412149714706683,24.82827722530964
1.0,1.0,0.0,0.0,4.0,2.0,4.0,4.0,1.0,0.0,1.0,13.555915184723823,20.880457170224677
0.0,0.0,0.0,0.0,2.0,0.0,5.0,0.0,1.0,1.0,1.0,-1.04810360818336,21.65799337505631
0.0,0.0,0.0,0.0,2.0,2.0,2.0,2.0,1.0,0.0,0.0,10.089154072234162,22.623850638544553
1.0,1.0,0.0,0.0,3.0,0.0,0.0,0.0,1.0,0.0,1.0,2.604133879760991,18.22676705811152
0.0,1.0,1.0,1.0,4.0,5.0,4.0,4.0,1.0,0.0,1.0,0.87351436140791,17.059893020122953
0.0,0.0,1.0,0.0,5.0,0.0,0.0,1.0,1.0,0.0,1.0,10.927706142254667,18.891109946186845
0.0,1.0,0.0,0.0,5.0,1.0,4.0,4.0,0.0,1.0,1.0,-4.883321366292985,14.63190444389647
1.0,1.0,1.0,1.0,0.0,3.0,1.0,2.0,1.0,0.0,0.0,13.127626528827196,17.477011600335768
1.0,1.0,1.0,0.0,4.0,5.0,2.0,5.0,0.0,1.0,1.0,1.7237721210118924,16.49108967421021
0.0,0.0,1.0,0.0,1.0,0.0,4.0,4.0,1.0,1.0,0.0,-4.936568709596717,13.6132665778923
1.0,1.0,1.0,1.0,3.0,4.0,0.0,1.0,1.0,1.0,0.0,17.627842198540034,20.810947767230477
0.0,0.0,0.0,0.0,4.0,3.0,5.0,5.0,1.0,0.0,1.0,13.111427509620786,24.959029221218277
0.0,0.0,1.0,1.0,1.0,0.0,4.0,3.0,1.0,0.0,0.0,2.374853294076833,15.24358437583745
1.0,1.0,0.0,0.0,2.0,0.0,3.0,2.0,1.0,0.0,0.0,6.569548491908172,22.063125789502223
0.0,1.0,1.0,0.0,3.0,5.0,5.0,2.0,0.0,1.0,1.0,-2.916463138617024,15.848389593041096
0.0,1.0,0.0,1.0,3.0,5.0,3.0,3.0,0.0,0.0,1.0,7.689060390124009,22.878510296894078
0.0,0.0,0.0,0.0,5.0,2.0,3.0,5.0,1.0,1.0,1.0,-1.3213112413213595,22.803862948633398
1.0,1.0,0.0,0.0,0.0,0.0,4.0,3.0,0.0,0.0,0.0,12.752052074763235,20.490137369320973
0.0,0.0,0.0,1.0,2.0,2.0,0.0,5.0,0.0,0.0,0.0,-2.370407723430825,23.306068186006666
1.0,1.0,0.0,0.0,4.0,5.0,4.0,0.0,0.0,1.0,1.0,-4.505563335621608,12.43991905178342
1.0,1.0,1.0,1.0,3.0,1.0,5.0,5.0,0.0,1.0,0.0,-0.9413489147268432,13.814222306260229
1.0,1.0,0.0,1.0,3.0,4.0,1.0,1.0,1.0,1.0,0.0,9.514711042692051,17.11774204513631
1.0,0.0,1.0,0.0,5.0,1.0,1.0,4.0,0.0,0.0,0.0,16.374099765959723,25.849597029357653
1.0,1.0,0.0,0.0,3.0,4.0,3.0,3.0,0.0,0.0,0.0,17.058563316246797,24.509041485744063
1.0,1.0,0.0,1.0,4.0,1.0,2.0,2.0,1.0,0.0,0.0,5.1370294212486485,15.61187371867218
1.0,1.0,0.0,1.0,2.0,3.0,4.0,2.0,0.0,0.0,1.0,17.941685362084712,24.31550345403841
1.0,0.0,1.0,0.0,4.0,0.0,3.0,3.0,1.0,0.0,0.0,18.37361738471605,22.714461778009596
0.0,1.0,0.0,0.0,4.0,0.0,0.0,1.0,0.0,0.0,1.0,21.982949089152015,24.445583785969195
1.0,1.0,0.0,1.0,2.0,1.0,2.0,0.0,1.0,1.0,1.0,13.959490594914655,18.794902922711955
0.0,0.0,0.0,1.0,2.0,4.0,2.0,2.0,0.0,0.0,1.0,4.9207320316252545,22.819413968838333
1.0,1.0,0.0,1.0,4.0,5.0,3.0,3.0,0.0,1.0,0.0,13.452331568962173,19.765895952346153
0.0,0.0,0.0,0.0,5.0,1.0,4.0,4.0,0.0,0.0,1.0,17.909033975447546,26.24887283805668
0.0,0.0,1.0,1.0,3.0,2.0,4.0,4.0,1.0,1.0,0.0,13.401533776747065,19.419778432415473
0.0,0.0,1.0,0.0,4.0,5.0,1.0,3.0,0.0,0.0,1.0,13.157253430572052,25.075164911435557
1.0,1.0,0.0,0.0,3.0,2.0,4.0,4.0,0.0,0.0,1.0,15.55496982036692,25.507127925342402
0.0,0.0,0.0,0.0,4.0,2.0,1.0,1.0,1.0,0.0,0.0,13.206173841978611,23.7414930672911
0.0,1.0,0.0,0.0,5.0,1.0,0.0,3.0,1.0,1.0,1.0,-0.8665533798971605,15.285146912469404
1.0,1.0,0.0,1.0,0.0,4.0,2.0,2.0,1.0,0.0,0.0,15.517796154316269,18.39546998816977
0.0,0.0,0.0,1.0,2.0,3.0,5.0,5.0,1.0,1.0,0.0,6.307653482671789,16.562273038627048
0.0,0.0,1.0,0.0,5.0,2.0,1.0,1.0,1.0,1.0,0.0,11.3483851064939,20.193680739762293
0.0,1.0,0.0,1.0,4.0,3.0,0.0,4.0,1.0,1.0,1.0,3.6296918786204735,14.513729364480138
0.0,1.0,1.0,1.0,2.0,0.0,2.0,2.0,1.0,0.0,1.0,0.23690855114154985,16.218613842533244
0.0,0.0,1.0,0.0,3.0,2.0,1.0,1.0,0.0,1.0,1.0,2.9589664388836923,17.472689949887908
1.0,1.0,1.0,0.0,0.0,2.0,4.0,4.0,1.0,1.0,0.0,20.487128107436757,21.038400768266627
0.0,0.0,1.0,1.0,1.0,2.0,3.0,3.0,1.0,1.0,0.0,1.459108286416921,14.394285674646637
1.0,1.0,1.0,0.0,0.0,4.0,1.0,0.0,0.0,1.0,1.0,17.32605236786259,19.283959743429687
1.0,1.0,1.0,0.0,4.0,0.0,2.0,2.0,1.0,1.0,1.0,7.391723093399541,15.48774351435644
1.0,1.0,1.0,0.0,2.0,3.0,3.0,3.0,0.0,1.0,0.0,-0.9548081400864774,14.234196019799713
1.0,0.0,1.0,0.0,5.0,5.0,5.0,1.0,0.0,0.0,1.0,4.1364961763602395,21.6302056551476
0.0,0.0,0.0,1.0,0.0,1.0,3.0,2.0,1.0,0.0,0.0,-2.915135415040366,11.514362064283128
1.0,1.0,1.0,0.0,0.0,2.0,2.0,2.0,0.0,0.0,0.0,4.760013371225984,19.05168294455481
1.0,1.0,0.0,1.0,0.0,2.0,1.0,1.0,1.0,1.0,1.0,3.784837781204139,12.710828053833852
1.0,1.0,1.0,0.0,2.0,1.0,3.0,3.0,1.0,1.0,0.0,6.250560917609246,15.438031200126176
1.0,1.0,0.0,1.0,3.0,4.0,1.0,1.0,0.0,1.0,1.0,13.23547240975578,20.34473011602663
1.0,1.0,0.0,0.0,5.0,1.0,3.0,3.0,0.0,0.0,1.0,2.8573604342039154,23.869471346406428
1.0,0.0,1.0,1.0,3.0,5.0,5.0,5.0,1.0,1.0,1.0,8.793610385535938,16.789812791316464
1.0,1.0,0.0,0.0,1.0,4.0,0.0,2.0,1.0,0.0,0.0,12.80891779315646,23.771589968648833
1.0,1.0,1.0,1.0,0.0,2.0,3.0,1.0,0.0,0.0,1.0,13.094472241745631,19.878691620799557
0.0,0.0,0.0,1.0,4.0,2.0,4.0,4.0,0.0,0.0,0.0,1.7437328252441109,25.082898052179228
1.0,0.0,1.0,1.0,0.0,0.0,5.0,5.0,1.0,0.0,1.0,2.222536547896638,14.576994062314133
0.0,0.0,0.0,0.0,0.0,1.0,3.0,2.0,0.0,1.0,1.0,2.1129286245739154,19.456429810413244
0.0,0.0,1.0,0.0,1.0,0.0,3.0,2.0,0.0,1.0,0.0,16.234617544967048,22.27959200589334
0.0,0.0,0.0,0.0,5.0,1.0,1.0,5.0,1.0,1.0,1.0,-4.4598802346160555,24.14359268708488
1.0,0.0,1.0,1.0,4.0,0.0,1.0,4.0,0.0,0.0,0.0,1.319142004904271,22.792582417385507
1.0,1.0,0.0,1.0,5.0,1.0,5.0,5.0,1.0,1.0,1.0,0.43580007299992474,12.477612194788989
0.0,1.0,0.0,1.0,0.0,5.0,1.0,1.0,1.0,0.0,1.0,11.943406500768297,16.727475430033095
1.0,1.0,1.0,1.0,3.0,4.0,4.0,4.0,1.0,0.0,1.0,13.232541467798288,20.937093906320285
0.0,0.0,0.0,1.0,2.0,1.0,3.0,3.0,0.0,0.0,1.0,19.53709517917702,24.47612273680348
1.0,1.0,0.0,1.0,3.0,3.0,2.0,2.0,1.0,0.0,1.0,-2.5630088589690905,13.124326106740602
0.0,1.0,0.0,0.0,4.0,4.0,5.0,2.0,0.0,0.0,0.0,13.261414935661975,24.687536045510875
1.0,0.0,0.0,0.0,2.0,4.0,2.0,2.0,0.0,1.0,0.0,5.722902606538941,17.117714022152466
0.0,0.0,0.0,1.0,0.0,4.0,1.0,0.0,0.0,1.0,1.0,1.527489833460633,16.034037235543366
0.0,0.0,1.0,0.0,5.0,4.0,0.0,3.0,0.0,0.0,1.0,8.090281609482298,28.30666119817012
1.0,1.0,1.0,1.0,1.0,3.0,2.0,2.0,0.0,0.0,1.0,12.111712170235332,25.83339584504512
0.0,0.0,0.0,1.0,4.0,5.0,1.0,1.0,0.0,1.0,1.0,6.605028245702282,19.837714984886826
1.0,1.0,0.0,1.0,4.0,0.0,5.0,2.0,0.0,0.0,1.0,11.985920963274204,22.379005281818955
0.0,0.0,0.0,0.0,5.0,4.0,2.0,2.0,1.0,1.0,1.0,1.8237809467816675,23.061232501949213
0.0,0.0,1.0,0.0,4.0,5.0,2.0,4.0,0.0,1.0,1.0,18.85979527652728,23.077486851634937
1.0,1.0,1.0,1.0,3.0,4.0,5.0,0.0,0.0,0.0,1.0,20.17544767283183,24.918170132058492
1.0,0.0,0.0,1.0,5.0,1.0,1.0,0.0,0.0,1.0,0.0,9.252242286068945,17.172880433731216
0.0,1.0,1.0,1.0,2.0,1.0,1.0,2.0,0.0,0.0,0.0,6.609867446296024,23.085714376419126
1.0,1.0,0.0,0.0,4.0,4.0,2.0,2.0,1.0,0.0,0.0,-1.029473763048622,21.370557156359016
0.0,1.0,1.0,0.0,1.0,4.0,0.0,0.0,0.0,0.0,1.0,1.1753509343574935,20.3181161808813
1.0,0.0,1.0,1.0,0.0,5.0,3.0,3.0,1.0,0.0,1.0,-3.694680032678831,13.428492488204471
1.0,1.0,0.0,0.0,4.0,5.0,4.0,2.0,0.0,1.0,0.0,-3.2659517528226307,13.383972457369993
0.0,1.0,1.0,1.0,1.0,3.0,3.0,3.0,0.0,0.0,0.0,9.946351996461393,25.14741737727931
1.0,1.0,1.0,0.0,2.0,3.0,2.0,4.0,1.0,1.0,0.0,10.59322671882702,17.35269679429141
0.0,0.0,1.0,0.0,3.0,1.0,2.0,2.0,0.0,0.0,1.0,6.963922033849457,21.56928870655278
1.0,1.0,0.0,0.0,1.0,1.0,3.0,3.0,0.0,0.0,1.0,-3.8795295452602776,20.832472323596555
1.0,1.0,1.0,0.0,5.0,4.0,0.0,5.0,0.0,1.0,0.0,11.631104513370264,18.718174024471782
0.0,0.0,0.0,1.0,4.0,1.0,2.0,2.0,0.0,0.0,0.0,12.015116186717648,24.267728124111013
1.0,1.0,1.0,1.0,0.0,4.0,5.0,5.0,1.0,1.0,0.0,0.24363857545365608,11.879070030637163
1.0,1.0,0.0,0.0,4.0,2.0,5.0,5.0,1.0,0.0,1.0,17.607077691219473,22.628306986774945
1.0,1.0,0.0,0.0,4.0,2.0,4.0,4.0,0.0,0.0,1.0,19.10645287209161,23.95884048495884
0.0,0.0,0.0,1.0,3.0,5.0,5.0,0.0,0.0,0.0,0.0,1.2526691292662857,22.87147076480904
0.0,0.0,0.0,0.0,3.0,3.0,1.0,1.0,1.0,1.0,0.0,12.789494720400924,24.638207805226532
0.0,0.0,0.0,0.0,1.0,2.0,4.0,3.0,0.0,0.0,1.0,2.105775193713555,24.711030505769397
1.0,1.0,0.0,0.0,2.0,5.0,2.0,5.0,1.0,1.0,0.0,4.332554303889411,15.977965551261867
0.0,1.0,0.0,1.0,2.0,4.0,0.0,0.0,1.0,1.0,0.0,7.217763258779183,16.053444739374353
1.0,0.0,1.0,1.0,0.0,4.0,3.0,5.0,0.0,0.0,1.0,2.6609225907659777,19.543192825097194
0.0,0.0,1.0,0.0,4.0,1.0,4.0,4.0,0.0,0.0,1.0,1.9890487193008637,21.981646942533843
1.0,1.0,1.0,0.0,1.0,5.0,4.0,4.0,0.0,0.0,1.0,-0.4152422441898018,21.57143421038952
1.0,0.0,0.0,1.0,1.0,2.0,4.0,4.0,1.0,1.0,1.0,-4.2404334465449764,10.557508078047876
1.0,1.0,0.0,0.0,4.0,4.0,4.0,4.0,1.0,1.0,0.0,3.1054926203240996,15.463572597292229
0.0,1.0,1.0,0.0,1.0,4.0,2.0,2.0,0.0,0.0,0.0,13.752404294737278,23.221583726815112
1.0,1.0,0.0,0.0,3.0,2.0,1.0,1.0,0.0,1.0,1.0,-1.6047593654623329,13.673422350736905
1.0,0.0,1.0,1.0,1.0,5.0,3.0,4.0,1.0,1.0,0.0,17.35981139463471,20.785884838389414
1.0,0.0,1.0,0.0,0.0,3.0,0.0,0.0,1.0,0.0,1.0,6.187759001126592,15.964547553365051
1.0,1.0,0.0,1.0,2.0,0.0,3.0,3.0,0.0,1.0,1.0,19.838017031402487,22.668896862765433
1.0,1.0,1.0,1.0,3.0,1.0,2.0,2.0,0.0,1.0,1.0,5.854110837180272,17.750005403021337
1.0,0.0,1.0,0.0,5.0,5.0,2.0,3.0,0.0,1.0,0.0,7.932536257404154,17.2359299132731
1.0,1.0,1.0,1.0,2.0,2.0,5.0,0.0,0.0,1.0,0.0,19.239098851074427,21.37091291916951
0.0,0.0,1.0,1.0,3.0,3.0,3.0,3.0,0.0,1.0,0.0,12.949565339752429,23.771232608833273
0.0,0.0,0.0,1.0,5.0,2.0,2.0,2.0,0.0,0.0,1.0,19.18481162893733,24.754576387528125
0.0,0.0,1.0,0.0,3.0,4.0,3.0,3.0,1.0,0.0,0.0,17.934914915753016,21.893754174224412
1.0,1.0,0.0,1.0,0.0,5.0,0.0,0.0,0.0,1.0,0.0,0.28956988589982924,12.242418230033456
0.0,1.0,0.0,0.0,1.0,0.0,5.0,0.0,1.0,1.0,0.0,-4.291625218923711,14.338839637917523
1.0,0.0,1.0,1.0,5.0,3.0,2.0,2.0,0.0,0.0,0.0,4.7220203729205945,23.21678731130958
1.0,1.0,0.0,0.0,0.0,3.0,1.0,2.0,1.0,1.0,0.0,12.548595135137717,17.475830626902848
0.0,0.0,0.0,1.0,1.0,2.0,0.0,0.0,0.0,0.0,0.0,4.600074601285492,21.270109508209107
0.0,0.0,0.0,1.0,0.0,4.0,4.0,4.0,0.0,1.0,1.0,0.09766643585578372,15.952714888314958
0.0,0.0,0.0,1.0,5.0,3.0,3.0,3.0,0.0,0.0,1.0,16.2006909209707,24.189084947832182
0.0,0.0,1.0,1.0,1.0,0.0,0.0,0.0,0.0,1.0,1.0,5.440656937532298,18.08465345994733
1.0,1.0,0.0,1.0,2.0,4.0,3.0,0.0,1.0,0.0,1.0,18.62545127940334,21.36732052908873
1.0,1.0,0.0,0.0,0.0,4.0,0.0,0.0,0.0,1.0,1.0,13.538732106566975,17.53421903247708
0.0,0.0,0.0,1.0,3.0,1.0,5.0,5.0,0.0,0.0,0.0,20.205077324335505,26.06170258036181
1.0,1.0,0.0,0.0,0.0,5.0,4.0,3.0,1.0,1.0,1.0,7.235849348525463,15.146808805359637
1.0,1.0,0.0,0.0,5.0,2.0,2.0,2.0,1.0,1.0,1.0,8.09222866501425,17.295459315754577
0.0,0.0,1.0,0.0,0.0,3.0,1.0,4.0,1.0,0.0,0.0,11.883966720742862,17.733875830416935
0.0,1.0,1.0,0.0,2.0,1.0,0.0,4.0,1.0,1.0,1.0,9.789934350277278,18.296740664774802
0.0,0.0,0.0,1.0,4.0,4.0,2.0,2.0,0.0,1.0,0.0,-1.787630935774449,22.685882557105664
0.0,0.0,1.0,1.0,5.0,5.0,2.0,2.0,0.0,0.0,1.0,-3.8436929315639143,21.490582368807967
0.0,0.0,0.0,1.0,3.0,5.0,0.0,0.0,1.0,0.0,0.0,7.05163232719579,17.50363499611653
0.0,0.0,0.0,1.0,4.0,5.0,4.0,0.0,0.0,1.0,1.0,13.613170911930574,21.388921280092504
1.0,1.0,1.0,0.0,0.0,3.0,0.0,0.0,1.0,0.0,0.0,3.428122452136254,13.846578131111873
0.0,0.0,0.0,0.0,3.0,3.0,4.0,4.0,1.0,1.0,1.0,2.6168164527309123,24.27002172771635
1.0,1.0,0.0,0.0,0.0,3.0,4.0,3.0,0.0,1.0,1.0,17.703802359884097,19.567192511062938
1.0,0.0,0.0,1.0,1.0,0.0,2.0,2.0,1.0,0.0,1.0,11.240617372679154,18.23254615678195
0.0,0.0,1.0,0.0,3.0,1.0,5.0,5.0,0.0,1.0,1.0,-2.552272181125005,16.9436043274631
1.0,1.0,0.0,1.0,0.0,1.0,1.0,1.0,0.0,0.0,0.0,19.078052375801306,20.54376676358405
1.0,0.0,0.0,1.0,3.0,1.0,2.0,2.0,0.0,0.0,1.0,3.584036248864045,22.565783829017935
0.0,0.0,1.0,0.0,4.0,1.0,5.0,5.0,0.0,1.0,0.0,19.43743604864043,24.345322353336165
0.0,1.0,1.0,1.0,0.0,4.0,4.0,4.0,1.0,0.0,1.0,19.09369796505469,20.616822583665666
0.0,0.0,1.0,1.0,5.0,3.0,4.0,4.0,1.0,0.0,0.0,-1.9300593359440987,13.562628906356899
0.0,0.0,1.0,1.0,4.0,2.0,3.0,1.0,1.0,1.0,1.0,17.519504089900117,20.837451473899087
0.0,0.0,1.0,1.0,0.0,2.0,3.0,0.0,1.0,0.0,0.0,6.348809634388692,14.760199800304964
0.0,0.0,1.0,1.0,5.0,4.0,5.0,1.0,1.0,0.0,1.0,21.67476515981025,23.704408201066403
0.0,0.0,0.0,0.0,3.0,5.0,0.0,0.0,1.0,1.0,1.0,5.083097829621009,24.88829301772275
1.0,0.0,0.0,0.0,4.0,5.0,2.0,4.0,0.0,0.0,1.0,18.61767758496804,25.398498553355026
1.0,1.0,1.0,1.0,3.0,1.0,4.0,4.0,1.0,0.0,1.0,14.335122563329556,20.712273980067234
1.0,0.0,0.0,0.0,3.0,1.0,4.0,0.0,0.0,0.0,1.0,16.274774617602937,24.7357164515065
0.0,0.0,0.0,0.0,4.0,3.0,4.0,0.0,1.0,0.0,0.0,18.96289731315158,25.03749152613419
0.0,1.0,1.0,0.0,0.0,3.0,0.0,5.0,0.0,0.0,1.0,-2.78209956339919,17.71675079290275
1.0,1.0,0.0,0.0,3.0,4.0,1.0,1.0,0.0,1.0,1.0,1.2208721577208248,14.685237781559955
1.0,1.0,1.0,0.0,1.0,0.0,5.0,5.0,1.0,0.0,1.0,20.549212821933263,23.697908265404834
0.0,0.0,0.0,1.0,2.0,1.0,1.0,1.0,1.0,0.0,0.0,13.749988577636856,19.454548769195334
0.0,0.0,0.0,0.0,1.0,1.0,0.0,1.0,1.0,1.0,1.0,3.059092961543266,23.006329506899853
1.0,0.0,0.0,1.0,2.0,4.0,4.0,5.0,0.0,0.0,0.0,11.115228792146983,24.509964715683317
0.0,0.0,1.0,1.0,4.0,4.0,4.0,0.0,1.0,0.0,0.0,4.363581420579958,15.677319223304526
0.0,1.0,1.0,1.0,2.0,3.0,3.0,0.0,0.0,0.0,0.0,21.797751788633956,26.315154914752288
0.0,0.0,1.0,1.0,3.0,4.0,5.0,1.0,0.0,1.0,1.0,7.397742287518829,19.15155566016712
1.0,1.0,0.0,1.0,5.0,5.0,0.0,0.0,0.0,1.0,1.0,16.61741804896085,21.296423557892396
0.0,0.0,1.0,1.0,3.0,4.0,1.0,1.0,1.0,0.0,0.0,8.094058027088511,17.048270488913236
1.0,1.0,0.0,0.0,3.0,0.0,4.0,4.0,1.0,1.0,1.0,3.2527536719671293,15.349426795140632
0.0,1.0,0.0,1.0,1.0,1.0,2.0,2.0,1.0,0.0,1.0,5.4191081414691595,16.008529560333155
0.0,0.0,0.0,1.0,4.0,4.0,4.0,4.0,1.0,0.0,1.0,-2.930210716086077,13.519074519988434
0.0,0.0,1.0,0.0,0.0,3.0,5.0,5.0,0.0,1.0,0.0,7.647455730673013,20.576839088967603
0.0,0.0,0.0,1.0,1.0,4.0,3.0,3.0,0.0,1.0,1.0,-2.7661805683784673,18.175815217161666
0.0,0.0,1.0,0.0,3.0,5.0,4.0,5.0,0.0,1.0,1.0,17.758484519148826,21.84982764294254
1.0,0.0,0.0,1.0,1.0,5.0,1.0,1.0,0.0,1.0,0.0,-0.13459030470378064,13.829627015051363
1.0,1.0,1.0,1.0,3.0,0.0,3.0,4.0,0.0,1.0,0.0,2.0472267839337013,14.74039519609893
1.0,1.0,1.0,0.0,5.0,0.0,0.0,1.0,1.0,0.0,1.0,19.8182164879582,22.871307187227742
1.0,0.0,0.0,1.0,3.0,0.0,1.0,1.0,0.0,1.0,0.0,-0.7359675420517453,14.239413066991089
0.0,0.0,1.0,1.0,4.0,1.0,0.0,0.0,1.0,0.0,1.0,3.4627324806536706,15.324402498377058
0.0,0.0,0.0,1.0,2.0,4.0,1.0,5.0,0.0,1.0,0.0,10.0534042337054,24.653556747740936
0.0,0.0,1.0,0.0,0.0,2.0,3.0,0.0,0.0,0.0,1.0,13.782086117455503,20.229971861738893
1.0,0.0,1.0,1.0,5.0,3.0,2.0,1.0,0.0,1.0,0.0,8.96338492337227,17.696627212718507
1.0,1.0,1.0,1.0,2.0,0.0,3.0,0.0,0.0,1.0,1.0,20.40317113389889,21.595592626028406
0.0,0.0,1.0,0.0,2.0,4.0,1.0,3.0,1.0,0.0,1.0,12.757098968123561,20.05201886075774
0.0,0.0,1.0,1.0,2.0,1.0,5.0,5.0,0.0,0.0,1.0,20.95716397394612,28.05928162755694
0.0,0.0,0.0,0.0,0.0,3.0,2.0,0.0,0.0,1.0,0.0,-3.1574375555641927,18.71135543647717
1.0,1.0,1.0,1.0,2.0,1.0,2.0,1.0,0.0,1.0,0.0,21.30886086628146,23.126873169949306
0.0,0.0,1.0,1.0,0.0,3.0,4.0,5.0,1.0,0.0,0.0,2.665472089597654,13.313776968585538
0.0,0.0,0.0,1.0,1.0,1.0,3.0,3.0,0.0,1.0,0.0,4.213342116908889,22.110764176512912
1.0,1.0,1.0,1.0,5.0,2.0,5.0,4.0,0.0,0.0,0.0,8.681983184539318,23.109366294773583
1.0,1.0,1.0,1.0,0.0,0.0,4.0,0.0,0.0,1.0,1.0,9.93413906076987,16.80204738119146
0.0,0.0,1.0,1.0,2.0,4.0,1.0,1.0,0.0,1.0,0.0,1.8312116136361336,20.530333415182096
1.0,1.0,0.0,0.0,1.0,5.0,2.0,2.0,0.0,1.0,0.0,-2.255199425633134,14.130167187363902
1.0,1.0,0.0,0.0,0.0,0.0,3.0,4.0,0.0,0.0,1.0,14.915782550951569,20.719736379550234
1.0,1.0,1.0,1.0,5.0,3.0,4.0,1.0,1.0,1.0,1.0,-3.9242630896653994,11.567310182651658
1.0,0.0,0.0,1.0,1.0,5.0,4.0,5.0,1.0,0.0,1.0,13.187604750060018,18.808661000020187
1.0,0.0,0.0,1.0,5.0,4.0,0.0,2.0,0.0,0.0,0.0,8.217725418924031,22.72457445223321
1.0,0.0,1.0,1.0,2.0,3.0,0.0,4.0,0.0,0.0,1.0,-1.6356854152526106,21.062991883014764
0.0,1.0,1.0,0.0,0.0,1.0,4.0,0.0,0.0,0.0,1.0,-1.929793602314534,17.619606599087362
1.0,0.0,1.0,1.0,3.0,0.0,4.0,5.0,0.0,0.0,0.0,13.192198631062531,23.52853444216539
1.0,0.0,1.0,0.0,1.0,5.0,5.0,2.0,1.0,0.0,0.0,-4.5934671662649915,13.419007591497715
0.0,0.0,1.0,1.0,2.0,1.0,3.0,3.0,0.0,0.0,1.0,-0.9991805442255011,20.680234835980517
1.0,0.0,0.0,1.0,5.0,2.0,2.0,5.0,0.0,0.0,0.0,13.936016490875293,24.63023475615214
1.0,1.0,1.0,0.0,4.0,3.0,4.0,0.0,1.0,0.0,1.0,13.316712342689414,20.585324889176928
0.0,0.0,0.0,0.0,1.0,1.0,5.0,5.0,1.0,1.0,0.0,6.841397405500569,25.36021637709684
0.0,1.0,1.0,1.0,4.0,3.0,5.0,5.0,1.0,1.0,0.0,9.921040911863866,16.80702340143089
1.0,0.0,1.0,0.0,1.0,4.0,4.0,4.0,0.0,0.0,1.0,20.231811696588174,25.048140469921066
1.0,0.0,1.0,1.0,4.0,4.0,3.0,5.0,0.0,0.0,1.0,3.4153371062225144,24.65193800779849
0.0,1.0,1.0,0.0,4.0,5.0,5.0,5.0,0.0,0.0,1.0,-3.9551295879908306,22.477514336305816
0.0,0.0,1.0,0.0,1.0,3.0,1.0,4.0,0.0,0.0,1.0,-0.4385740720824778,22.91146141589884
1.0,1.0,0.0,1.0,0.0,1.0,1.0,4.0,0.0,1.0,1.0,-1.5824977778012284,12.724490010947168
1.0,1.0,1.0,1.0,5.0,3.0,3.0,3.0,1.0,1.0,1.0,11.167288595027433,17.783108115967163
1.0,1.0,0.0,0.0,2.0,4.0,1.0,1.0,1.0,1.0,1.0,-3.7804284737927416,12.593532558513159
0.0,1.0,1.0,0.0,1.0,1.0,5.0,5.0,1.0,1.0,1.0,5.566120955177025,16.87403683681268
1.0,1.0,1.0,1.0,0.0,5.0,4.0,4.0,0.0,1.0,0.0,2.7430264245938867,13.007004694993341
1.0,0.0,0.0,0.0,5.0,0.0,3.0,3.0,1.0,0.0,0.0,0.8536819405627272,25.23088620789733
1.0,1.0,1.0,0.0,3.0,0.0,1.0,1.0,1.0,1.0,0.0,17.463680349740947,20.660751249743633
0.0,1.0,1.0,1.0,0.0,3.0,0.0,0.0,1.0,0.0,0.0,-0.5815171603791134,11.263954805031487
0.0,0.0,1.0,0.0,4.0,0.0,4.0,5.0,0.0,0.0,0.0,13.64590361142589,24.928612862905776
0.0,0.0,0.0,1.0,1.0,0.0,1.0,1.0,1.0,1.0,1.0,18.882647530849606,21.110448886492165
0.0,0.0,0.0,1.0,2.0,1.0,0.0,4.0,0.0,0.0,0.0,-4.871689858488333,22.372240361808796
0.0,0.0,0.0,1.0,5.0,2.0,3.0,4.0,0.0,0.0,0.0,21.719954339770826,26.009393237603195
1.0,1.0,0.0,0.0,1.0,2.0,4.0,2.0,0.0,1.0,1.0,2.0419817121832775,14.78862908203748
0.0,0.0,1.0,0.0,0.0,3.0,0.0,0.0,0.0,1.0,0.0,20.12100959412836,20.704229502419913
0.0,0.0,1.0,0.0,1.0,4.0,1.0,1.0,0.0,1.0,0.0,4.4460655948967105,21.61051648980294
0.0,0.0,0.0,1.0,0.0,3.0,1.0,3.0,0.0,0.0,1.0,15.887452353721905,20.8018742013774
0.0,0.0,0.0,1.0,1.0,4.0,2.0,3.0,0.0,0.0,0.0,-2.8712657472307384,21.458527854651436
1.0,1.0,1.0,1.0,4.0,0.0,1.0,1.0,0.0,0.0,1.0,3.837520816096463,20.86373957664132
0.0,0.0,1.0,0.0,3.0,2.0,5.0,5.0,0.0,1.0,0.0,-4.618083674956465,23.683107900609482
1.0,0.0,0.0,0.0,5.0,4.0,5.0,2.0,0.0,0.0,0.0,14.729067188385727,26.64071466858577
1.0,1.0,0.0,0.0,4.0,5.0,1.0,1.0,0.0,1.0,0.0,2.8084284398345503,15.176362879027245
1.0,1.0,1.0,0.0,1.0,0.0,4.0,4.0,1.0,0.0,1.0,18.298549937008136,21.82294580823057
0.0,0.0,0.0,1.0,0.0,2.0,3.0,3.0,0.0,0.0,0.0,2.901512072975006,19.313665872539644
1.0,1.0,0.0,1.0,4.0,5.0,4.0,4.0,1.0,0.0,0.0,9.790560222106398,18.416720787260278
0.0,0.0,0.0,1.0,0.0,3.0,1.0,2.0,0.0,1.0,1.0,0.07327745715400269,15.86285423985199
0.0,0.0,1.0,1.0,1.0,5.0,2.0,2.0,1.0,1.0,1.0,10.580633672234947,17.99264463752394
1.0,1.0,1.0,1.0,2.0,0.0,3.0,3.0,1.0,0.0,0.0,-3.3478743065051892,12.219821137467894
1.0,1.0,1.0,0.0,2.0,5.0,0.0,0.0,1.0,1.0,1.0,5.47383246259289,14.555162043747268
0.0,0.0,0.0,0.0,5.0,0.0,5.0,1.0,1.0,1.0,0.0,20.470402088508724,24.52400685437566
1.0,1.0,0.0,1.0,5.0,5.0,5.0,1.0,0.0,1.0,0.0,2.3686446927795552,15.361277480715684
0.0,0.0,1.0,0.0,1.0,2.0,4.0,1.0,1.0,0.0,1.0,10.02935528383042,19.003452876562932
1.0,0.0,0.0,0.0,2.0,4.0,5.0,3.0,0.0,1.0,1.0,21.13945786772305,22.790378957421463
0.0,1.0,1.0,1.0,0.0,5.0,5.0,5.0,1.0,0.0,1.0,20.032105568417546,21.275488674216234
0.0,0.0,0.0,0.0,3.0,2.0,2.0,0.0,0.0,1.0,0.0,6.011612106930883,22.454522932756067
0.0,0.0,0.0,1.0,0.0,4.0,2.0,2.0,1.0,0.0,0.0,17.372780260775084,19.403720722870496
1.0,1.0,0.0,1.0,2.0,2.0,5.0,4.0,0.0,1.0,1.0,9.961970330356738,18.939539261689642
0.0,0.0,1.0,0.0,0.0,3.0,2.0,0.0,1.0,0.0,1.0,-1.4686963215553983,12.481483111386785
1.0,0.0,0.0,0.0,4.0,3.0,5.0,0.0,1.0,1.0,1.0,11.461655235162947,18.556309984548637
0.0,0.0,0.0,0.0,1.0,5.0,1.0,1.0,0.0,0.0,1.0,7.540431372823033,24.35078182741817
1.0,1.0,1.0,0.0,0.0,5.0,2.0,0.0,0.0,1.0,1.0,-4.816461103374842,11.818448033679891
1.0,1.0,1.0,1.0,2.0,3.0,5.0,5.0,0.0,0.0,1.0,9.76302180038642,23.44598933392036
0.0,0.0,1.0,0.0,5.0,3.0,5.0,5.0,1.0,1.0,1.0,0.9318743045356976,15.574241819934555
0.0,0.0,1.0,1.0,5.0,2.0,2.0,2.0,0.0,1.0,1.0,-2.619580958836373,16.205172427823673
0.0,0.0,1.0,1.0,1.0,5.0,0.0,0.0,1.0,1.0,1.0,7.850435777504302,17.11994618159525
0.0,0.0,0.0,0.0,4.0,3.0,4.0,4.0,1.0,0.0,1.0,2.907022483415261,24.09950033055375
0.0,0.0,1.0,0.0,1.0,3.0,3.0,5.0,0.0,1.0,0.0,18.196539685011313,25.06422974806265
1.0,1.0,1.0,0.0,3.0,3.0,0.0,0.0,0.0,1.0,0.0,17.065733334821353,21.04894824720003
0.0,0.0,1.0,0.0,4.0,2.0,0.0,1.0,1.0,0.0,0.0,5.736945872886219,17.71313787150267
1.0,0.0,0.0,1.0,3.0,1.0,1.0,2.0,1.0,0.0,0.0,18.794969029362647,21.21464961410071
1.0,1.0,1.0,0.0,0.0,4.0,0.0,3.0,1.0,1.0,0.0,13.12245410556449,17.10223926520091
1.0,1.0,0.0,1.0,5.0,1.0,4.0,3.0,0.0,0.0,1.0,-2.6024397481777135,19.87305516394605
1.0,1.0,0.0,1.0,3.0,1.0,4.0,4.0,1.0,1.0,0.0,-1.042576152069997,12.27602531212835
1.0,1.0,0.0,1.0,2.0,3.0,3.0,0.0,1.0,0.0,1.0,17.897644452006684,21.01814221555977
0.0,0.0,0.0,1.0,2.0,1.0,3.0,3.0,0.0,1.0,1.0,-1.6334978345280717,17.579961433465918
1.0,1.0,1.0,0.0,4.0,5.0,5.0,2.0,0.0,1.0,0.0,5.630981485288368,16.04196263965231
0.0,0.0,0.0,0.0,2.0,1.0,1.0,3.0,0.0,1.0,1.0,16.556128263940593,25.501419228215298
0.0,0.0,1.0,0.0,0.0,5.0,3.0,3.0,1.0,0.0,1.0,5.710530175005122,15.61918320035618
0.0,0.0,1.0,0.0,0.0,3.0,5.0,0.0,1.0,1.0,0.0,20.983073178313155,21.53342742431224
1.0,1.0,1.0,1.0,4.0,3.0,5.0,5.0,0.0,0.0,0.0,15.917739931978204,23.11751545284155
0.0,0.0,0.0,0.0,2.0,3.0,2.0,4.0,0.0,0.0,1.0,-4.877090486678177,23.213114104113846
0.0,0.0,1.0,0.0,5.0,4.0,3.0,3.0,1.0,0.0,1.0,11.655886106650026,19.481151756389558
0.0,0.0,0.0,0.0,3.0,1.0,1.0,0.0,0.0,0.0,1.0,-1.758920541860955,23.211535943890492
0.0,1.0,1.0,1.0,0.0,3.0,2.0,1.0,0.0,0.0,0.0,1.8828037462248401,18.50778850524739
0.0,0.0,1.0,1.0,3.0,5.0,0.0,0.0,1.0,1.0,0.0,-1.2075878255882424,13.324043983842266
0.0,0.0,1.0,0.0,1.0,0.0,1.0,1.0,0.0,1.0,1.0,2.100627164804002,17.311135462538648
0.0,1.0,0.0,1.0,3.0,5.0,2.0,2.0,0.0,0.0,0.0,14.873507825246023,24.407006662768637
1.0,0.0,1.0,1.0,1.0,3.0,4.0,5.0,1.0,0.0,0.0,4.173114786388698,15.423878462281392
1.0,1.0,0.0,1.0,2.0,0.0,0.0,0.0,1.0,1.0,0.0,13.51154588680965,18.24637554420978
0.0,0.0,1.0,1.0,2.0,5.0,2.0,1.0,0.0,0.0,1.0,6.988992353431344,22.970507511917674
0.0,0.0,1.0,1.0,2.0,3.0,5.0,0.0,1.0,0.0,1.0,17.373250058601855,20.949288836429695
0.0,1.0,0.0,1.0,4.0,5.0,5.0,5.0,1.0,1.0,0.0,3.3389381056883813,15.039441356063914
1.0,1.0,0.0,0.0,1.0,5.0,4.0,4.0,0.0,0.0,0.0,4.593171147811168,22.14134086117438
0.0,0.0,1.0,1.0,2.0,1.0,0.0,1.0,1.0,1.0,0.0,1.940543010843859,13.987065596019436
1.0,1.0,0.0,1.0,2.0,1.0,0.0,5.0,1.0,1.0,0.0,-4.619865559389528,10.558327765419225
0.0,0.0,1.0,1.0,5.0,4.0,5.0,2.0,1.0,1.0,0.0,-0.11935823865840511,13.937158481415896
0.0,0.0,0.0,0.0,1.0,1.0,5.0,5.0,0.0,0.0,1.0,3.312205874938769,22.553220769744076
0.0,1.0,0.0,1.0,1.0,2.0,0.0,3.0,1.0,1.0,0.0,6.104185082923987,15.261127290300596
0.0,0.0,1.0,1.0,5.0,2.0,3.0,3.0,0.0,0.0,0.0,1.3540285393558884,23.91108065088749
1.0,1.0,0.0,0.0,2.0,2.0,4.0,4.0,0.0,1.0,0.0,-0.28713701706654327,14.64801628438408
0.0,0.0,0.0,0.0,2.0,4.0,4.0,4.0,0.0,0.0,1.0,-0.6559451817921795,23.051606119647637
1.0,1.0,0.0,0.0,4.0,0.0,5.0,5.0,1.0,0.0,0.0,18.077214836313626,25.895790650091225
0.0,0.0,0.0,0.0,4.0,4.0,4.0,4.0,0.0,1.0,0.0,12.532472385912552,25.16167715909407
0.0,0.0,0.0,0.0,0.0,1.0,4.0,3.0,1.0,0.0,0.0,20.8352918586727,21.77143224406906
0.0,0.0,0.0,1.0,5.0,0.0,0.0,1.0,1.0,0.0,0.0,8.743228454207722,17.116311098080352
0.0,1.0,0.0,0.0,4.0,1.0,2.0,2.0,1.0,0.0,0.0,10.686766661158867,22.996850007436073
0.0,1.0,0.0,1.0,2.0,4.0,4.0,5.0,1.0,0.0,1.0,17.919118266458447,21.66400417981338
0.0,0.0,0.0,0.0,5.0,1.0,1.0,1.0,1.0,1.0,0.0,3.357367956252766,22.624662870600698
0.0,0.0,1.0,0.0,5.0,1.0,4.0,2.0,0.0,0.0,1.0,1.7602147946725974,22.66482179807578
1.0,1.0,1.0,1.0,4.0,1.0,5.0,5.0,0.0,0.0,0.0,7.001135948505098,21.712445119898806
1.0,1.0,0.0,0.0,2.0,5.0,2.0,3.0,1.0,0.0,0.0,-4.417610571685932,23.24161749744215
1.0,1.0,0.0,0.0,5.0,3.0,0.0,0.0,0.0,1.0,1.0,15.299718861340128,20.073523845321798
0.0,0.0,1.0,0.0,2.0,0.0,1.0,4.0,1.0,1.0,0.0,-3.6840791109864615,13.692921552141055
0.0,1.0,0.0,0.0,5.0,2.0,3.0,3.0,0.0,0.0,1.0,7.849986072740476,23.98176754184882
0.0,0.0,0.0,1.0,3.0,1.0,1.0,1.0,1.0,0.0,1.0,-1.2336242561394757,13.664125583193048
0.0,1.0,1.0,1.0,4.0,5.0,3.0,1.0,0.0,0.0,1.0,1.376574591398695,23.98822867546781
0.0,0.0,0.0,1.0,4.0,0.0,0.0,2.0,0.0,1.0,0.0,-1.5827319785758158,22.412761253563158
1.0,1.0,0.0,0.0,4.0,1.0,4.0,2.0,0.0,1.0,0.0,11.351734718724835,19.120333700837786
0.0,0.0,0.0,0.0,1.0,2.0,1.0,5.0,0.0,1.0,0.0,20.724640690273496,24.237732903652017
1.0,1.0,1.0,1.0,5.0,2.0,4.0,4.0,0.0,1.0,1.0,-4.638813765477702,14.517587931345846
0.0,0.0,1.0,1.0,1.0,1.0,2.0,2.0,0.0,0.0,0.0,7.281199613377451,21.70837885177871
1.0,1.0,1.0,1.0,2.0,4.0,3.0,5.0,0.0,1.0,0.0,6.3707944745927705,16.623310762015
0.0,0.0,1.0,1.0,1.0,1.0,2.0,2.0,1.0,1.0,0.0,-3.302014309696169,12.42451168919348
0.0,0.0,0.0,0.0,3.0,1.0,0.0,0.0,0.0,1.0,1.0,18.394108704531547,22.326897560512936
0.0,1.0,0.0,1.0,1.0,5.0,2.0,2.0,0.0,1.0,0.0,-0.6377361740579097,15.889301186519237
0.0,0.0,0.0,1.0,5.0,5.0,1.0,1.0,1.0,0.0,1.0,12.92561575890269,19.11352394679314
0.0,1.0,1.0,0.0,3.0,2.0,4.0,2.0,1.0,1.0,0.0,16.481126695872714,20.127610403066807
1.0,1.0,0.0,1.0,3.0,0.0,5.0,5.0,0.0,0.0,1.0,0.3664971293955519,25.506185139306673
1.0,1.0,1.0,1.0,0.0,2.0,1.0,1.0,1.0,0.0,0.0,-0.684160354990631,11.407171719396718
1.0,0.0,1.0,0.0,0.0,3.0,0.0,0.0,0.0,0.0,1.0,14.889387596913043,19.72991423618242
0.0,0.0,0.0,1.0,5.0,2.0,3.0,1.0,1.0,1.0,1.0,3.821443854437355,16.185642127335328
1.0,1.0,0.0,1.0,3.0,4.0,5.0,0.0,0.0,0.0,0.0,-0.4910486628684563,22.769051255557166
1.0,1.0,1.0,0.0,0.0,2.0,2.0,2.0,1.0,0.0,0.0,-2.9943909582453996,11.508047031332092
1.0,1.0,1.0,1.0,4.0,0.0,0.0,1.0,0.0,0.0,0.0,-4.3238131328385485,21.066093072192736
0.0,0.0,0.0,0.0,0.0,5.0,5.0,5.0,0.0,0.0,1.0,20.279210063512906,23.17898915856974
1.0,1.0,1.0,0.0,1.0,0.0,1.0,0.0,1.0,0.0,1.0,-4.07746078545347,15.089802036591742
1.0,1.0,0.0,1.0,4.0,4.0,0.0,0.0,0.0,1.0,0.0,11.844921613426926,18.70114873891785
1.0,1.0,1.0,0.0,4.0,2.0,0.0,0.0,1.0,0.0,1.0,-4.896028847509434,15.216711505404188
0.0,0.0,0.0,1.0,4.0,3.0,1.0,1.0,1.0,0.0,0.0,19.392642906649034,22.51857323974616
0.0,0.0,1.0,0.0,2.0,3.0,5.0,5.0,0.0,1.0,1.0,-1.86172409607126,17.2545037480313
0.0,0.0,0.0,0.0,1.0,3.0,5.0,0.0,1.0,1.0,1.0,21.941157625485136,25.909743378166915
1.0,0.0,1.0,1.0,5.0,5.0,0.0,0.0,1.0,1.0,1.0,7.335304675202307,15.255269518213861
0.0,0.0,1.0,0.0,3.0,1.0,5.0,5.0,0.0,1.0,1.0,14.062884784184401,21.18697353199708
1.0,1.0,1.0,1.0,2.0,5.0,5.0,3.0,1.0,0.0,0.0,4.000785390996022,15.551508342559487
1.0,1.0,0.0,0.0,5.0,5.0,0.0,4.0,1.0,0.0,0.0,20.772507846820517,25.506783092970657
0.0,0.0,1.0,1.0,2.0,3.0,5.0,2.0,1.0,1.0,0.0,11.692742747957485,18.628988179435808
0.0,0.0,1.0,0.0,2.0,0.0,4.0,4.0,1.0,0.0,0.0,11.029020314543697,19.69329129064103
0.0,0.0,0.0,0.0,0.0,4.0,0.0,2.0,1.0,1.0,1.0,16.0632455997037,20.82558728920087
0.0,1.0,0.0,0.0,0.0,2.0,3.0,3.0,0.0,1.0,1.0,16.524367113340904,19.362824772046384
0.0,0.0,1.0,0.0,5.0,1.0,0.0,0.0,1.0,1.0,1.0,13.551260693253795,20.0528253401133
0.0,0.0,1.0,1.0,1.0,4.0,3.0,3.0,0.0,0.0,0.0,-3.4122562190698282,21.721822886298423
0.0,0.0,0.0,0.0,0.0,2.0,3.0,3.0,0.0,1.0,1.0,-2.990322253027794,19.309436593278786
1.0,1.0,0.0,1.0,1.0,2.0,3.0,3.0,0.0,0.0,0.0,12.832127056051053,23.570997705857266
0.0,0.0,0.0,1.0,0.0,4.0,2.0,2.0,1.0,1.0,0.0,17.635150700164658,19.53300311800642
1.0,0.0,1.0,0.0,2.0,0.0,2.0,1.0,1.0,0.0,0.0,2.2842553340860965,15.622425908676714
0.0,0.0,1.0,0.0,5.0,5.0,4.0,4.0,0.0,0.0,0.0,2.355052527046724,24.890373448273476
1.0,1.0,0.0,1.0,2.0,5.0,4.0,4.0,1.0,1.0,1.0,7.013926874680665,16.324175436529135
0.0,1.0,1.0,1.0,5.0,4.0,3.0,3.0,0.0,0.0,1.0,-3.6069590688595707,22.060163568343214
1.0,0.0,0.0,1.0,0.0,0.0,2.0,2.0,1.0,0.0,0.0,17.624623460937492,19.22490707735844
0.0,1.0,1.0,1.0,3.0,0.0,3.0,2.0,1.0,1.0,0.0,10.93382500654337,17.668848394296983
0.0,0.0,1.0,1.0,2.0,4.0,5.0,4.0,1.0,0.0,1.0,1.0048133857418398,14.282008444433474
1.0,0.0,1.0,1.0,3.0,4.0,2.0,2.0,1.0,1.0,1.0,1.8609932668466094,13.461342050002997
1.0,0.0,0.0,0.0,5.0,3.0,2.0,4.0,1.0,1.0,1.0,1.3981784569082718,14.676687896079782
1.0,1.0,0.0,1.0,3.0,0.0,1.0,1.0,1.0,0.0,0.0,9.480938360718659,17.59591655386575
0.0,0.0,0.0,0.0,3.0,3.0,4.0,4.0,0.0,0.0,1.0,14.879824712048556,24.56687100205906
1.0,1.0,0.0,0.0,2.0,4.0,3.0,3.0,0.0,1.0,0.0,18.729330800134697,21.55738025738341
1.0,1.0,1.0,1.0,5.0,2.0,2.0,5.0,0.0,1.0,0.0,9.03211422658875,17.660760239127708
0.0,0.0,0.0,0.0,5.0,2.0,5.0,4.0,0.0,0.0,1.0,7.083013081721152,24.009014791632524
0.0,0.0,1.0,0.0,1.0,3.0,3.0,3.0,0.0,0.0,1.0,-1.1644042657746017,20.75110820446126
0.0,0.0,0.0,0.0,2.0,1.0,1.0,1.0,1.0,0.0,0.0,1.387307906178041,22.312019359057114
1.0,0.0,0.0,1.0,2.0,3.0,3.0,3.0,1.0,1.0,1.0,16.4438780290962,20.559684032760398
1.0,1.0,0.0,0.0,0.0,5.0,4.0,1.0,1.0,0.0,1.0,3.2548408124639483,16.214776068145206
0.0,0.0,1.0,1.0,0.0,3.0,4.0,4.0,1.0,1.0,0.0,8.25856236974306,15.599311226325314
1.0,0.0,0.0,0.0,1.0,0.0,0.0,0.0,1.0,0.0,1.0,15.665425922869055,20.524953237282226
1.0,0.0,1.0,0.0,5.0,0.0,1.0,1.0,1.0,1.0,0.0,-1.9821417575209832,11.513173653891004
1.0,1.0,1.0,0.0,0.0,0.0,3.0,0.0,1.0,0.0,0.0,-1.0018300709428627,11.756183946308333
0.0,0.0,0.0,1.0,2.0,3.0,0.0,0.0,1.0,1.0,0.0,14.473713037542968,20.062992322603982
0.0,0.0,1.0,0.0,2.0,3.0,0.0,0.0,1.0,1.0,0.0,19.036179701763658,22.262093911095633
0.0,0.0,1.0,0.0,1.0,4.0,4.0,4.0,0.0,1.0,1.0,10.808796831916132,20.57937925419048
1.0,1.0,0.0,1.0,3.0,0.0,5.0,3.0,0.0,1.0,0.0,20.33690578105475,22.08613742108044
0.0,0.0,0.0,0.0,4.0,1.0,4.0,4.0,1.0,1.0,0.0,-1.2096073695029723,22.39074821517046
0.0,0.0,0.0,0.0,1.0,4.0,1.0,3.0,0.0,1.0,0.0,19.060304459761632,25.74970573842483
0.0,0.0,1.0,0.0,0.0,2.0,3.0,4.0,1.0,1.0,1.0,-0.015777213860129535,13.779158491182868
1.0,0.0,1.0,0.0,5.0,1.0,2.0,2.0,1.0,1.0,1.0,-3.627973411158698,9.479257040853764
0.0,1.0,0.0,1.0,2.0,2.0,5.0,5.0,0.0,0.0,1.0,-3.541301826212726,20.831436539335854
0.0,0.0,0.0,1.0,0.0,0.0,3.0,2.0,1.0,1.0,1.0,16.441799742933647,18.832294472469993
1.0,1.0,1.0,1.0,1.0,0.0,3.0,3.0,0.0,1.0,0.0,-1.7401105814126967,13.06514221333906
0.0,0.0,1.0,0.0,5.0,1.0,0.0,0.0,1.0,1.0,1.0,11.515251042599388,19.04824219589313
1.0,1.0,0.0,1.0,4.0,2.0,0.0,0.0,1.0,1.0,1.0,17.2452586959273,20.43941065954684
0.0,0.0,0.0,1.0,4.0,0.0,1.0,5.0,0.0,0.0,1.0,-2.7405994520350987,21.669827556859694
1.0,1.0,1.0,1.0,3.0,3.0,2.0,2.0,0.0,0.0,1.0,15.280703064139846,23.82001054571287
0.0,0.0,0.0,1.0,5.0,5.0,5.0,5.0,1.0,0.0,0.0,-1.1415311875622876,13.538424308333518
1.0,1.0,0.0,0.0,5.0,2.0,1.0,4.0,1.0,0.0,0.0,5.119801589322837,23.19235904376435
1.0,0.0,0.0,0.0,0.0,4.0,4.0,4.0,1.0,1.0,0.0,12.79895950364548,17.695486135647013
1.0,1.0,1.0,0.0,0.0,4.0,5.0,4.0,1.0,0.0,0.0,-0.7464204147790356,13.278938458673279
0.0,0.0,1.0,1.0,5.0,1.0,2.0,2.0,0.0,0.0,0.0,1.5786775763822805,24.016883113431952
1.0,0.0,1.0,1.0,0.0,3.0,1.0,1.0,0.0,0.0,1.0,13.585092028915202,19.858939268998395
1.0,1.0,0.0,1.0,1.0,3.0,5.0,2.0,1.0,1.0,0.0,11.019331019960497,17.740822191195978
1.0,1.0,0.0,0.0,4.0,5.0,1.0,1.0,0.0,1.0,0.0,21.761603294220315,23.87862242543297
1.0,1.0,1.0,1.0,3.0,5.0,2.0,2.0,1.0,0.0,0.0,-3.3400131158747817,12.984230895167375
1.0,0.0,0.0,0.0,3.0,1.0,5.0,5.0,1.0,1.0,0.0,8.157113606045641,17.60465423717961
1.0,1.0,1.0,1.0,3.0,5.0,2.0,0.0,0.0,1.0,1.0,5.742627889336914,17.36925825794105
1.0,1.0,1.0,0.0,2.0,0.0,1.0,1.0,1.0,1.0,1.0,17.061216655836315,20.069859859113638
1.0,1.0,1.0,1.0,3.0,4.0,2.0,0.0,0.0,1.0,1.0,7.61425491585204,18.417266473167835
0.0,0.0,0.0,0.0,3.0,1.0,5.0,5.0,0.0,0.0,1.0,-4.561334141374696,24.458624040153435
0.0,0.0,0.0,1.0,1.0,4.0,4.0,2.0,0.0,0.0,0.0,-2.0738559323947143,24.340650096857214
0.0,0.0,0.0,0.0,0.0,4.0,5.0,5.0,0.0,1.0,0.0,6.343468622534475,21.259505070767005
0.0,1.0,0.0,0.0,0.0,1.0,1.0,1.0,0.0,1.0,0.0,-0.6139003309160476,14.20287659655312
0.0,0.0,0.0,1.0,0.0,5.0,0.0,2.0,1.0,0.0,1.0,0.8973231430233071,12.230655887974947
1.0,1.0,0.0,1.0,1.0,2.0,4.0,4.0,0.0,0.0,0.0,3.9655909485412337,22.297667577685893
0.0,0.0,1.0,0.0,2.0,0.0,1.0,1.0,1.0,0.0,1.0,13.059684293966491,19.64936432537121
0.0,0.0,1.0,1.0,1.0,0.0,5.0,0.0,1.0,0.0,1.0,19.859214679442296,21.674076316951798
1.0,0.0,0.0,0.0,0.0,3.0,4.0,4.0,1.0,0.0,1.0,-4.596090343555386,14.159961362570677
1.0,1.0,0.0,0.0,5.0,4.0,3.0,3.0,1.0,1.0,0.0,2.720267901839504,15.444821644261088
0.0,1.0,0.0,1.0,0.0,3.0,4.0,4.0,0.0,1.0,1.0,9.857110232976824,17.428810269211525
1.0,1.0,1.0,0.0,3.0,1.0,1.0,1.0,0.0,1.0,0.0,1.38102725754369,14.523733336750348
1.0,1.0,0.0,1.0,4.0,0.0,1.0,1.0,0.0,0.0,0.0,13.991876091131388,22.640393059267062
1.0,1.0,1.0,0.0,5.0,3.0,5.0,5.0,0.0,0.0,0.0,0.8687553023988679,21.538567125474565
0.0,0.0,0.0,1.0,2.0,2.0,4.0,5.0,0.0,1.0,1.0,9.65670075656232,20.570933239266882
0.0,1.0,0.0,1.0,2.0,2.0,3.0,1.0,1.0,0.0,1.0,-0.8716290056408695,13.747429172581446
0.0,0.0,1.0,1.0,1.0,2.0,1.0,1.0,1.0,0.0,0.0,21.087281220773782,22.632187132304654
0.0,0.0,0.0,0.0,5.0,2.0,0.0,2.0,1.0,0.0,0.0,7.9874800329696,23.084232153080713
1.0,0.0,0.0,0.0,4.0,1.0,0.0,0.0,1.0,0.0,0.0,19.159327657234623,23.192322387117912
0.0,0.0,1.0,1.0,5.0,3.0,5.0,4.0,0.0,0.0,0.0,20.887351374046098,26.20391406809871
0.0,0.0,0.0,0.0,1.0,3.0,0.0,3.0,0.0,1.0,0.0,11.385623549490877,24.216056114775988
1.0,1.0,0.0,0.0,5.0,3.0,0.0,2.0,1.0,1.0,0.0,7.674296217546594,17.368417939187953
0.0,0.0,0.0,1.0,1.0,0.0,5.0,5.0,1.0,0.0,1.0,12.472466008575783,18.884188785137535
0.0,1.0,1.0,1.0,4.0,4.0,4.0,4.0,0.0,1.0,1.0,-4.580529899432636,15.684660631720044
1.0,0.0,1.0,0.0,0.0,5.0,2.0,1.0,1.0,0.0,0.0,1.0698395874168654,13.49907838125993
1.0,1.0,0.0,0.0,4.0,3.0,5.0,4.0,1.0,1.0,0.0,14.39541238616058,19.994055857451933
1.0,0.0,1.0,0.0,3.0,3.0,0.0,2.0,0.0,0.0,0.0,0.8280533136311137,21.934019032917387
1.0,1.0,0.0,0.0,5.0,2.0,3.0,3.0,0.0,0.0,0.0,6.429406697276944,22.717533055038093
1.0,1.0,0.0,1.0,1.0,2.0,3.0,3.0,0.0,0.0,0.0,6.9373514090804225,23.960799719238302
0.0,0.0,1.0,0.0,0.0,0.0,4.0,4.0,1.0,1.0,1.0,1.3897261155860718,14.086885462175076
0.0,0.0,1.0,1.0,5.0,3.0,1.0,2.0,0.0,0.0,0.0,19.717100080252333,23.699698213486247
0.0,0.0,0.0,0.0,0.0,2.0,5.0,1.0,1.0,1.0,0.0,9.69913046061581,20.669556507202266
1.0,1.0,0.0,0.0,2.0,4.0,5.0,5.0,0.0,0.0,1.0,-3.8634839702184767,21.658761488564235
0.0,0.0,0.0,1.0,2.0,4.0,2.0,2.0,0.0,1.0,1.0,7.515368183503291,20.161366186684166
1.0,1.0,1.0,0.0,5.0,0.0,2.0,2.0,0.0,0.0,0.0,1.970091771233288,22.55365002312018
1.0,1.0,0.0,1.0,5.0,5.0,2.0,2.0,1.0,1.0,1.0,7.196942454221221,16.138584651674012
0.0,1.0,0.0,0.0,5.0,0.0,4.0,4.0,1.0,1.0,1.0,10.143820709357962,19.019829607967708
0.0,0.0,1.0,1.0,0.0,2.0,3.0,5.0,0.0,0.0,1.0,17.901797517345603,21.537624124038192
0.0,0.0,1.0,1.0,5.0,1.0,4.0,0.0,1.0,0.0,0.0,21.105657056288678,23.15125525803292
0.0,0.0,1.0,1.0,4.0,1.0,4.0,4.0,0.0,1.0,0.0,-2.873760061970464,22.7227400380162
0.0,0.0,1.0,0.0,5.0,0.0,0.0,0.0,1.0,0.0,0.0,5.912285950277502,17.677717923472056
0.0,0.0,0.0,0.0,5.0,5.0,0.0,0.0,1.0,1.0,0.0,5.315184352876063,22.453679871551838
1.0,1.0,0.0,0.0,3.0,1.0,3.0,3.0,0.0,1.0,0.0,11.068687244217042,18.503277194677416
1.0,0.0,0.0,1.0,0.0,4.0,4.0,4.0,1.0,0.0,0.0,18.143481517884194,19.73298703932546
0.0,0.0,0.0,0.0,4.0,4.0,1.0,5.0,0.0,0.0,1.0,21.169112040241405,26.35563613467797
0.0,0.0,1.0,0.0,5.0,5.0,5.0,5.0,1.0,0.0,1.0,15.562331324478297,20.844613625192824
1.0,1.0,1.0,0.0,5.0,2.0,5.0,5.0,0.0,0.0,1.0,0.527679912341835,24.45476510778228
0.0,1.0,0.0,0.0,5.0,5.0,4.0,1.0,1.0,0.0,1.0,19.095435919550543,23.288404376443726
0.0,1.0,1.0,1.0,5.0,1.0,4.0,4.0,1.0,1.0,1.0,-1.448146838418226,12.655449163741464
1.0,1.0,0.0,0.0,3.0,5.0,4.0,4.0,1.0,0.0,1.0,3.1845428598630665,18.95468116796407
0.0,1.0,1.0,0.0,4.0,3.0,1.0,2.0,0.0,1.0,0.0,10.163500994297614,19.23637433509569
1.0,1.0,0.0,1.0,2.0,5.0,1.0,1.0,0.0,1.0,0.0,8.163935458772485,17.533673298463228
0.0,1.0,0.0,1.0,5.0,1.0,2.0,3.0,0.0,1.0,0.0,2.5722762568561297,16.681606265648526
1.0,1.0,1.0,1.0,5.0,4.0,0.0,4.0,0.0,0.0,1.0,11.53388862898045,22.632870336129493
1.0,1.0,1.0,0.0,5.0,0.0,2.0,0.0,0.0,0.0,0.0,6.672435536737181,22.0561606669054
1.0,1.0,1.0,1.0,3.0,3.0,1.0,1.0,0.0,1.0,0.0,8.824026224354103,17.29120029604388
1.0,1.0,1.0,0.0,3.0,5.0,4.0,1.0,1.0,1.0,0.0,15.962869995289818,19.938477426481533
1.0,1.0,0.0,1.0,4.0,2.0,2.0,2.0,1.0,0.0,1.0,-2.589069866014821,13.291862280139949
1.0,1.0,0.0,0.0,3.0,3.0,1.0,3.0,1.0,1.0,1.0,16.75820059619648,20.408427291983102
1.0,1.0,1.0,0.0,3.0,1.0,2.0,5.0,1.0,1.0,0.0,15.088886110356885,19.85105107972201
0.0,0.0,0.0,1.0,4.0,4.0,3.0,3.0,1.0,1.0,0.0,-0.006267001548703632,13.93602998124807
0.0,0.0,1.0,0.0,4.0,1.0,5.0,5.0,1.0,0.0,0.0,3.8066120262242613,17.39465344133847
0.0,0.0,0.0,0.0,1.0,0.0,5.0,5.0,0.0,0.0,0.0,14.185485870627073,26.221815001741138
0.0,1.0,0.0,1.0,0.0,5.0,0.0,0.0,0.0,1.0,0.0,-2.3672405799887413,13.041570784512746
0.0,0.0,0.0,1.0,2.0,3.0,4.0,1.0,0.0,1.0,0.0,15.160794493568197,23.86392565682241
0.0,0.0,0.0,1.0,1.0,2.0,0.0,2.0,1.0,1.0,0.0,5.242236796612227,15.857923755584682
1.0,1.0,0.0,0.0,4.0,5.0,3.0,3.0,0.0,0.0,1.0,17.901668741189297,24.967874896836555
1.0,0.0,0.0,0.0,1.0,4.0,2.0,3.0,1.0,1.0,1.0,18.073562558624204,21.759333867741816
0.0,1.0,0.0,1.0,0.0,0.0,4.0,4.0,0.0,0.0,1.0,16.734322953076678,20.797140278509005
1.0,0.0,1.0,0.0,4.0,5.0,0.0,3.0,0.0,1.0,0.0,2.999030821750499,15.20081262965374
0.0,0.0,1.0,1.0,3.0,1.0,4.0,5.0,0.0,0.0,1.0,-0.4533531194431131,23.072421096462552
1.0,0.0,0.0,0.0,0.0,1.0,0.0,4.0,1.0,0.0,1.0,-4.945737628196451,14.28492956410504
0.0,0.0,0.0,1.0,1.0,3.0,2.0,2.0,1.0,0.0,0.0,11.44435481584365,18.537436650881748
1.0,1.0,1.0,0.0,2.0,4.0,0.0,0.0,0.0,1.0,1.0,7.287315076182091,17.769711034092268
1.0,1.0,0.0,1.0,5.0,5.0,1.0,1.0,0.0,0.0,0.0,5.8708198806759455,23.142820552481275
1.0,1.0,0.0,1.0,3.0,3.0,0.0,3.0,1.0,1.0,0.0,12.535251881898343,18.271365844449917
0.0,1.0,1.0,1.0,0.0,5.0,2.0,2.0,1.0,1.0,1.0,5.745723425864689,14.204108542863283
0.0,1.0,1.0,1.0,4.0,1.0,3.0,0.0,1.0,1.0,0.0,7.2508134622135785,15.922160980988687
0.0,0.0,1.0,0.0,5.0,4.0,2.0,2.0,0.0,1.0,1.0,17.1507517528409,22.210876211241374
1.0,0.0,1.0,1.0,0.0,4.0,5.0,5.0,1.0,1.0,1.0,13.706011790335971,17.556853708512513
1.0,0.0,0.0,0.0,3.0,1.0,0.0,3.0,1.0,1.0,0.0,20.467221812023546,22.24052462026323
0.0,0.0,0.0,1.0,5.0,5.0,5.0,5.0,0.0,0.0,1.0,2.145683141773098,22.850400643247287
1.0,1.0,0.0,0.0,2.0,4.0,1.0,5.0,1.0,1.0,1.0,6.817437315805284,16.72849292754331
0.0,0.0,1.0,1.0,0.0,2.0,4.0,1.0,0.0,0.0,1.0,17.193450465043515,20.841281950842763
1.0,1.0,1.0,0.0,4.0,2.0,3.0,3.0,1.0,1.0,0.0,16.25054467974109,20.05606691778354
1.0,1.0,1.0,1.0,0.0,2.0,0.0,0.0,0.0,0.0,1.0,9.808999986739304,18.798646581602846
0.0,0.0,1.0,0.0,0.0,5.0,5.0,4.0,0.0,0.0,1.0,17.226971281029577,21.567573319311148
1.0,1.0,0.0,0.0,3.0,3.0,1.0,1.0,0.0,0.0,1.0,4.067483226317901,22.039752141586025
1.0,1.0,1.0,0.0,1.0,3.0,2.0,2.0,1.0,0.0,0.0,20.210883490139523,22.674475854115066
0.0,0.0,0.0,1.0,3.0,0.0,1.0,1.0,1.0,1.0,0.0,6.746289503153919,16.691434951454045
0.0,1.0,1.0,0.0,3.0,5.0,0.0,0.0,0.0,1.0,0.0,-2.3930511359175357,14.988542844099072
0.0,1.0,1.0,1.0,5.0,0.0,2.0,2.0,1.0,1.0,0.0,-2.8705360730406047,11.226797377759786
1.0,1.0,0.0,1.0,5.0,5.0,5.0,5.0,0.0,1.0,0.0,13.99891971848346,19.971164016047705
1.0,1.0,0.0,0.0,1.0,0.0,2.0,2.0,1.0,1.0,0.0,-3.6058137227484317,12.684309142766292
1.0,1.0,1.0,1.0,2.0,2.0,3.0,0.0,0.0,0.0,0.0,-2.891116129567267,19.6997583721833
1.0,0.0,0.0,1.0,1.0,0.0,0.0,2.0,0.0,0.0,1.0,17.0358609260761,23.822672443172905
0.0,0.0,0.0,0.0,2.0,1.0,2.0,2.0,1.0,0.0,1.0,1.1066752475580364,21.711262978604474
0.0,1.0,1.0,1.0,1.0,0.0,4.0,4.0,1.0,0.0,1.0,1.9260619848592073,17.4365248682173
1.0,1.0,1.0,1.0,5.0,4.0,4.0,4.0,0.0,0.0,1.0,13.657192993701877,22.67528572137071
1.0,1.0,1.0,1.0,1.0,5.0,5.0,5.0,1.0,1.0,1.0,17.16460069963603,20.464790674263824
0.0,0.0,1.0,0.0,1.0,0.0,2.0,2.0,0.0,1.0,1.0,15.821538294132925,21.694125807829057
1.0,1.0,1.0,1.0,2.0,5.0,3.0,3.0,0.0,1.0,1.0,-0.04582918126709323,15.955959617025101
1.0,0.0,0.0,0.0,2.0,0.0,5.0,5.0,1.0,0.0,0.0,19.76153010530037,24.68897508397331
1.0,1.0,0.0,0.0,2.0,3.0,3.0,4.0,1.0,0.0,0.0,18.537462665183618,25.116569557001984
0.0,0.0,1.0,0.0,4.0,5.0,0.0,3.0,0.0,1.0,1.0,10.647838253662904,19.70499406723649
1.0,1.0,1.0,0.0,3.0,4.0,3.0,3.0,0.0,0.0,0.0,18.41596271893378,23.36942239884677
0.0,0.0,1.0,1.0,5.0,4.0,1.0,1.0,0.0,0.0,1.0,18.243191130020826,25.255262448004398
0.0,0.0,0.0,0.0,1.0,3.0,1.0,0.0,1.0,0.0,0.0,10.99125839854879,23.371994814215732
1.0,0.0,0.0,1.0,0.0,2.0,4.0,1.0,1.0,0.0,1.0,7.071792848524737,15.174620167201853
0.0,0.0,0.0,0.0,1.0,2.0,4.0,4.0,0.0,1.0,0.0,6.133469380348528,24.43245314949347
1.0,0.0,1.0,1.0,0.0,1.0,4.0,1.0,0.0,1.0,0.0,12.745774070110222,17.222961726190384
1.0,1.0,1.0,1.0,3.0,5.0,5.0,1.0,1.0,1.0,0.0,14.918902485714778,19.87386285440318
0.0,0.0,0.0,0.0,0.0,0.0,1.0,1.0,0.0,0.0,0.0,0.6334671091165829,18.52620071814995
0.0,0.0,1.0,1.0,0.0,5.0,2.0,1.0,1.0,0.0,1.0,10.056226474682807,16.100123894221994
1.0,0.0,1.0,0.0,0.0,1.0,4.0,4.0,0.0,0.0,1.0,14.488957898165644,20.773452810022757
1.0,0.0,0.0,0.0,4.0,3.0,1.0,1.0,1.0,1.0,1.0,-2.9503675567986365,12.965390163022267
1.0,0.0,0.0,1.0,3.0,2.0,5.0,1.0,1.0,0.0,1.0,5.341724206731866,16.17411131989391
1.0,1.0,1.0,0.0,5.0,2.0,4.0,5.0,0.0,0.0,0.0,10.59213914393028,22.68077098636884
0.0,1.0,0.0,0.0,2.0,2.0,1.0,1.0,1.0,1.0,0.0,19.314807197944013,22.547323334273663
0.0,0.0,1.0,0.0,0.0,0.0,0.0,0.0,1.0,0.0,0.0,17.141082379049735,19.05034334731483
0.0,0.0,1.0,0.0,0.0,4.0,1.0,5.0,0.0,0.0,0.0,18.126742942698833,21.152533576919033
1.0,1.0,1.0,1.0,1.0,4.0,1.0,1.0,1.0,0.0,1.0,20.84400291806509,23.62605347446339
1.0,1.0,1.0,0.0,2.0,4.0,5.0,5.0,0.0,1.0,0.0,18.74291970090572,21.398962196826
0.0,0.0,1.0,0.0,1.0,5.0,4.0,5.0,1.0,0.0,1.0,-1.6102335043171956,14.734901291040416
0.0,1.0,1.0,0.0,5.0,0.0,3.0,3.0,0.0,0.0,1.0,5.826594085914943,22.675781781920552
1.0,0.0,0.0,1.0,0.0,2.0,0.0,3.0,0.0,0.0,1.0,17.491582070940268,20.49825273680586
1.0,1.0,1.0,1.0,4.0,0.0,2.0,2.0,0.0,0.0,0.0,-1.2515861693426116,22.46517429217544
1.0,1.0,0.0,0.0,2.0,2.0,3.0,0.0,0.0,0.0,1.0,20.502461840682145,26.036470088718207
1.0,0.0,0.0,1.0,0.0,2.0,2.0,2.0,0.0,0.0,1.0,21.29169623273016,22.386386291571633
1.0,1.0,0.0,0.0,3.0,1.0,2.0,5.0,1.0,0.0,0.0,1.126730914036706,21.87472608919414
0.0,0.0,1.0,0.0,1.0,2.0,0.0,0.0,1.0,1.0,1.0,19.065273205190724,22.276452567716827
1.0,1.0,1.0,1.0,1.0,5.0,0.0,5.0,0.0,0.0,1.0,14.690503018312558,25.011269010563815
1.0,0.0,1.0,0.0,4.0,0.0,5.0,5.0,1.0,0.0,1.0,18.41325851064768,22.977529279308477
0.0,0.0,1.0,1.0,2.0,0.0,5.0,2.0,1.0,0.0,1.0,4.639279722983687,15.84089207024901
1.0,1.0,0.0,0.0,0.0,1.0,0.0,0.0,0.0,1.0,1.0,7.063197525225744,15.001344933702686
0.0,0.0,0.0,1.0,1.0,1.0,2.0,2.0,1.0,0.0,0.0,-0.5944185610313335,13.395079034980501
0.0,0.0,1.0,1.0,1.0,2.0,3.0,3.0,1.0,0.0,0.0,10.991725088515834,18.657040264995793
1.0,1.0,0.0,0.0,3.0,0.0,4.0,0.0,1.0,0.0,1.0,6.976935001982069,19.256964250370537
0.0,0.0,1.0,0.0,3.0,1.0,0.0,5.0,0.0,1.0,0.0,6.618916740735365,24.11539947366171
0.0,0.0,0.0,0.0,0.0,3.0,4.0,2.0,0.0,1.0,0.0,17.231768927166762,21.53327362807991
1.0,1.0,0.0,0.0,1.0,2.0,4.0,5.0,0.0,1.0,1.0,-1.0581689150820153,14.115688915168418
0.0,0.0,0.0,1.0,0.0,5.0,4.0,4.0,1.0,0.0,0.0,13.911481561306978,18.090542500055676
0.0,0.0,0.0,1.0,3.0,1.0,1.0,1.0,0.0,1.0,0.0,0.5759015169160246,21.025386246200192
0.0,1.0,0.0,1.0,0.0,3.0,4.0,4.0,1.0,1.0,1.0,13.691661838372372,17.679020818472228
1.0,1.0,0.0,0.0,3.0,2.0,2.0,2.0,0.0,0.0,1.0,10.688619040338585,22.27841132029786
0.0,0.0,0.0,0.0,3.0,4.0,1.0,1.0,0.0,0.0,0.0,0.37473207852954094,23.998309272812968
0.0,0.0,1.0,0.0,1.0,5.0,0.0,0.0,1.0,0.0,0.0,19.421793392720126,21.814235540192257
0.0,0.0,1.0,0.0,2.0,5.0,3.0,3.0,1.0,0.0,1.0,9.842327765259073,19.403044061124366
1.0,1.0,0.0,0.0,1.0,0.0,5.0,3.0,0.0,1.0,0.0,12.46791331874972,19.144706741015277
1.0,0.0,1.0,1.0,5.0,1.0,4.0,4.0,0.0,1.0,1.0,16.81829877598676,21.56647812124234
0.0,0.0,1.0,0.0,3.0,4.0,1.0,3.0,0.0,0.0,0.0,3.63461074948456,24.49922744755389
0.0,1.0,0.0,1.0,2.0,1.0,5.0,5.0,0.0,0.0,0.0,0.025819147966979372,23.002593192708954
0.0,1.0,1.0,1.0,4.0,3.0,3.0,3.0,0.0,1.0,1.0,14.357552187323208,21.22408658646678
1.0,1.0,1.0,0.0,0.0,1.0,0.0,0.0,0.0,1.0,1.0,20.466955588311325,20.539034436771633
1.0,1.0,1.0,0.0,3.0,3.0,5.0,3.0,1.0,0.0,0.0,17.01428293087648,21.793289020017042
1.0,1.0,0.0,1.0,5.0,5.0,1.0,1.0,1.0,0.0,1.0,15.109354234966322,19.618079019026943
0.0,0.0,0.0,0.0,0.0,3.0,5.0,5.0,0.0,1.0,1.0,7.4392861642602846,21.189993549784667
0.0,0.0,1.0,1.0,0.0,3.0,2.0,2.0,0.0,1.0,1.0,11.010355785456923,17.82441515679582
1.0,1.0,0.0,1.0,2.0,3.0,3.0,1.0,0.0,1.0,0.0,12.88872616578092,19.35672329954071
0.0,0.0,0.0,1.0,1.0,5.0,1.0,1.0,0.0,1.0,0.0,-2.1469848479634193,21.59424503826643
0.0,0.0,1.0,1.0,0.0,0.0,0.0,0.0,1.0,0.0,0.0,21.95257900306562,21.95257900306571
0.0,0.0,1.0,1.0,4.0,0.0,0.0,0.0,0.0,0.0,0.0,18.745881063259862,23.085882943720048
0.0,0.0,0.0,1.0,0.0,5.0,1.0,0.0,1.0,1.0,0.0,-4.23866290713585,10.22770168585743
0.0,0.0,1.0,0.0,2.0,3.0,1.0,1.0,0.0,0.0,0.0,17.921950128395537,23.29809433095936
0.0,0.0,1.0,1.0,0.0,2.0,1.0,1.0,1.0,0.0,1.0,-1.8728090268413213,10.948445311754165
0.0,1.0,0.0,0.0,2.0,0.0,5.0,2.0,0.0,1.0,1.0,-4.6971435629323155,14.592232172298411
1.0,1.0,0.0,1.0,3.0,5.0,3.0,3.0,1.0,1.0,0.0,21.02750166387393,22.55820450426645
0.0,1.0,0.0,0.0,2.0,4.0,3.0,3.0,0.0,0.0,1.0,1.2596205367747668,22.523857369458142
0.0,0.0,1.0,0.0,4.0,5.0,3.0,0.0,1.0,0.0,1.0,20.712494740989076,23.28937620317336
0.0,0.0,0.0,0.0,4.0,1.0,4.0,2.0,1.0,0.0,1.0,5.126372724918909,23.462149404355383
1.0,1.0,0.0,0.0,1.0,2.0,0.0,3.0,0.0,1.0,1.0,15.453337131295672,20.25921372910255
0.0,0.0,0.0,1.0,1.0,3.0,2.0,3.0,1.0,0.0,1.0,-2.580028739746449,13.769950003351465
1.0,0.0,0.0,1.0,4.0,5.0,1.0,3.0,1.0,0.0,1.0,3.440679428849542,15.738214942482351
1.0,1.0,0.0,1.0,4.0,2.0,1.0,5.0,1.0,0.0,0.0,0.35605783784802725,14.5227644894996
1.0,1.0,0.0,1.0,5.0,2.0,5.0,2.0,1.0,0.0,0.0,-3.4307234351138525,12.766596600746569
1.0,1.0,0.0,1.0,0.0,1.0,0.0,0.0,1.0,1.0,0.0,21.781204772126895,21.8348424890952
1.0,0.0,0.0,1.0,0.0,5.0,3.0,3.0,1.0,0.0,0.0,18.98393390921059,20.096558541904347
1.0,1.0,0.0,0.0,5.0,0.0,0.0,1.0,0.0,1.0,1.0,5.472419723653108,16.166249427991133
1.0,1.0,0.0,0.0,0.0,1.0,3.0,3.0,1.0,0.0,1.0,2.0094416460074473,15.490543783161467
1.0,0.0,0.0,0.0,3.0,3.0,1.0,1.0,1.0,0.0,0.0,13.145908733726415,22.89477752495557
0.0,1.0,0.0,1.0,1.0,0.0,1.0,1.0,0.0,0.0,1.0,-3.9369358624565662,18.995277770684332
0.0,0.0,0.0,0.0,4.0,4.0,5.0,4.0,0.0,1.0,1.0,7.343363925469294,23.446432453551708
0.0,0.0,1.0,1.0,2.0,2.0,4.0,4.0,1.0,1.0,1.0,17.037327666751256,21.138464602707955
1.0,1.0,1.0,0.0,2.0,3.0,5.0,1.0,0.0,1.0,0.0,15.09893634914657,19.70496542239282
0.0,0.0,1.0,1.0,3.0,1.0,0.0,2.0,1.0,1.0,1.0,20.481253725686486,22.34051936973389
0.0,0.0,1.0,1.0,0.0,0.0,0.0,0.0,0.0,1.0,1.0,5.841809926540616,15.938501328467144
0.0,1.0,0.0,1.0,4.0,1.0,3.0,3.0,1.0,0.0,1.0,18.863915519633423,22.248606302179446
0.0,0.0,0.0,1.0,1.0,3.0,1.0,2.0,1.0,1.0,1.0,4.208114791977184,15.458095632696882
0.0,0.0,0.0,0.0,3.0,2.0,2.0,2.0,0.0,1.0,1.0,5.964790352183858,23.090375863768376
0.0,0.0,1.0,1.0,4.0,3.0,1.0,3.0,0.0,1.0,1.0,13.74305254278286,21.32910422957874
0.0,1.0,1.0,1.0,0.0,3.0,1.0,4.0,1.0,1.0,0.0,-3.3189859429239124,9.246764829381714
1.0,0.0,1.0,1.0,2.0,5.0,0.0,3.0,0.0,0.0,1.0,8.284076329640008,23.355585600574926
0.0,1.0,0.0,1.0,2.0,4.0,0.0,0.0,1.0,0.0,1.0,1.5506519728673975,14.429762859065269
0.0,0.0,0.0,0.0,5.0,1.0,0.0,3.0,0.0,0.0,0.0,11.788245219784145,25.322593413099334
0.0,0.0,1.0,1.0,0.0,2.0,1.0,1.0,1.0,1.0,0.0,9.684203874689514,15.709573864849261
0.0,0.0,0.0,0.0,4.0,1.0,5.0,4.0,1.0,0.0,0.0,-4.069022165545777,22.112917089844508
0.0,1.0,1.0,0.0,3.0,2.0,4.0,2.0,0.0,0.0,0.0,16.921531899671997,23.69578175134037
0.0,0.0,1.0,1.0,5.0,1.0,1.0,1.0,1.0,1.0,1.0,11.794527686345614,18.432319379321154
0.0,1.0,1.0,0.0,4.0,1.0,0.0,0.0,0.0,1.0,0.0,-2.563121496368248,14.927785753143823
0.0,0.0,1.0,1.0,0.0,0.0,0.0,2.0,0.0,0.0,0.0,6.425566397300045,18.628337915319495
1.0,1.0,0.0,1.0,1.0,0.0,5.0,5.0,1.0,0.0,0.0,2.452636478037708,15.464855005447983
0.0,0.0,1.0,0.0,3.0,4.0,0.0,2.0,1.0,1.0,1.0,17.600289786600733,21.364039569630947
1.0,1.0,1.0,0.0,1.0,1.0,0.0,4.0,1.0,1.0,1.0,7.203817345653745,15.558217404238535
1.0,1.0,0.0,0.0,3.0,2.0,1.0,1.0,1.0,1.0,1.0,17.28657862593716,21.387374928669697
1.0,1.0,0.0,0.0,3.0,4.0,1.0,4.0,1.0,0.0,0.0,14.084609154902548,23.85964085973114
1.0,1.0,0.0,1.0,4.0,0.0,0.0,0.0,1.0,1.0,0.0,5.307075084244492,14.84742065625916
0.0,1.0,1.0,1.0,1.0,5.0,3.0,3.0,1.0,0.0,1.0,-1.6447337848355414,16.467467798449096
1.0,1.0,0.0,0.0,4.0,0.0,2.0,2.0,0.0,0.0,1.0,13.438854326317244,22.914913269713903
1.0,1.0,1.0,0.0,3.0,5.0,3.0,1.0,0.0,1.0,1.0,15.853791545574254,20.896999839486558
0.0,1.0,0.0,1.0,4.0,1.0,0.0,0.0,0.0,1.0,0.0,8.696869753866542,18.318151704415676
0.0,0.0,0.0,1.0,4.0,5.0,0.0,0.0,1.0,0.0,1.0,1.1920467349593569,14.249115691952301
1.0,0.0,1.0,0.0,4.0,3.0,4.0,4.0,0.0,0.0,0.0,11.263343048934455,23.828975887054668
1.0,1.0,1.0,0.0,2.0,1.0,3.0,3.0,0.0,0.0,0.0,1.2109145082092514,22.684185845276847
0.0,1.0,0.0,0.0,3.0,1.0,2.0,2.0,0.0,0.0,1.0,-2.819615637780547,23.235132025059393
0.0,0.0,1.0,1.0,5.0,2.0,5.0,5.0,1.0,1.0,0.0,15.109548282326283,20.54858363530746
1.0,1.0,0.0,0.0,1.0,0.0,1.0,2.0,1.0,1.0,1.0,1.2791831988887212,14.58359003759368
0.0,0.0,1.0,0.0,3.0,3.0,4.0,4.0,1.0,0.0,1.0,11.965909002048189,19.466486549445325
0.0,0.0,0.0,1.0,0.0,0.0,3.0,1.0,1.0,0.0,0.0,-0.08359591767145247,11.879077009963158
1.0,1.0,0.0,0.0,2.0,3.0,0.0,3.0,0.0,0.0,0.0,6.579179642137486,22.19296087940718
0.0,0.0,1.0,1.0,4.0,5.0,4.0,2.0,1.0,1.0,1.0,9.338794974465053,17.911978729691572
1.0,1.0,1.0,1.0,2.0,3.0,5.0,5.0,1.0,0.0,0.0,21.29007962163907,22.938623139075695
1.0,1.0,1.0,1.0,3.0,5.0,0.0,0.0,0.0,1.0,0.0,-2.6965879062059566,12.568338315905695
1.0,0.0,0.0,1.0,0.0,4.0,0.0,0.0,1.0,0.0,1.0,0.46963337091289237,11.928208009348207
1.0,0.0,0.0,0.0,2.0,2.0,0.0,0.0,1.0,1.0,0.0,4.761879147403771,15.999572652460078
0.0,0.0,0.0,0.0,2.0,3.0,1.0,1.0,0.0,0.0,1.0,13.313554421822897,23.431873937218985
1.0,0.0,0.0,1.0,3.0,0.0,1.0,1.0,0.0,0.0,0.0,-3.4052831588359562,19.987902367751996
1.0,1.0,1.0,1.0,1.0,5.0,3.0,3.0,0.0,1.0,1.0,13.166689852846918,20.131188293048634
1.0,1.0,0.0,1.0,1.0,2.0,5.0,5.0,1.0,1.0,1.0,8.36380695767518,16.25627949357157
0.0,1.0,0.0,1.0,4.0,5.0,0.0,0.0,0.0,1.0,0.0,-2.2472390556503923,15.157809849431358
1.0,1.0,1.0,0.0,3.0,0.0,2.0,2.0,1.0,0.0,1.0,2.25387059126978,17.232968614317347
0.0,0.0,1.0,0.0,3.0,3.0,0.0,0.0,1.0,0.0,1.0,10.5231517671514,19.15089624887141
0.0,0.0,1.0,1.0,3.0,0.0,5.0,5.0,1.0,0.0,0.0,-0.9929989081919652,13.95208451262955
1.0,1.0,0.0,0.0,1.0,1.0,2.0,2.0,0.0,1.0,0.0,21.397558069812142,22.773763796515137
1.0,1.0,0.0,1.0,1.0,5.0,5.0,5.0,1.0,1.0,1.0,3.4074430369623716,14.436348421537062
0.0,0.0,1.0,1.0,3.0,2.0,2.0,3.0,0.0,0.0,1.0,7.688496198169927,26.04573162633236
1.0,1.0,1.0,1.0,5.0,2.0,1.0,1.0,0.0,1.0,0.0,-3.007417819739868,13.161388731531027
0.0,0.0,0.0,1.0,2.0,2.0,2.0,2.0,1.0,1.0,0.0,4.846064310129462,16.013323513026506
1.0,1.0,1.0,0.0,4.0,2.0,3.0,3.0,0.0,0.0,1.0,-0.9813970882295866,22.35999148672475
1.0,1.0,0.0,0.0,3.0,0.0,3.0,3.0,0.0,1.0,0.0,2.8100294684604794,15.798279335424073
1.0,1.0,1.0,1.0,0.0,0.0,0.0,0.0,1.0,0.0,0.0,15.730386051644096,18.275058701168916
1.0,1.0,1.0,0.0,2.0,4.0,5.0,0.0,0.0,0.0,0.0,4.336959963021746,22.714450354457625
1.0,0.0,1.0,0.0,0.0,2.0,5.0,4.0,0.0,0.0,1.0,1.651411057053192,19.222703270320512
0.0,0.0,0.0,0.0,5.0,5.0,1.0,0.0,0.0,0.0,1.0,0.516829992173995,21.747347657791465
1.0,1.0,0.0,1.0,0.0,2.0,0.0,3.0,0.0,1.0,1.0,-4.43295983424146,12.062685279508251
1.0,1.0,1.0,0.0,5.0,4.0,2.0,3.0,1.0,0.0,0.0,6.087211359111578,17.43551337694244
1.0,1.0,0.0,1.0,3.0,4.0,3.0,0.0,1.0,1.0,0.0,-4.052613536549149,10.35178845078416
1.0,1.0,0.0,0.0,2.0,3.0,3.0,3.0,0.0,1.0,0.0,2.913695251387165,15.64743529339668
1.0,1.0,1.0,0.0,4.0,4.0,4.0,3.0,0.0,0.0,1.0,3.3408110805444835,23.85414615161025
1.0,1.0,0.0,0.0,4.0,3.0,4.0,2.0,0.0,1.0,1.0,15.39365193111593,20.711103845225566
0.0,0.0,0.0,1.0,0.0,0.0,1.0,4.0,1.0,1.0,1.0,7.12678716696144,15.089974582735131
0.0,0.0,0.0,1.0,4.0,0.0,0.0,1.0,0.0,0.0,0.0,14.843232662552602,24.081246890018313
0.0,0.0,1.0,1.0,3.0,4.0,0.0,0.0,0.0,0.0,1.0,10.944030329214334,23.01921682889831
0.0,0.0,1.0,0.0,4.0,1.0,3.0,3.0,1.0,1.0,1.0,6.734767145501404,18.025799336872186
0.0,0.0,0.0,1.0,2.0,4.0,0.0,0.0,1.0,0.0,0.0,14.386930892974586,19.9286197689167
0.0,1.0,1.0,1.0,0.0,5.0,4.0,4.0,1.0,1.0,1.0,20.510711242756617,21.329408271333527
1.0,1.0,1.0,1.0,5.0,4.0,5.0,5.0,1.0,1.0,1.0,19.033697931398812,22.077236409298052
1.0,1.0,0.0,0.0,4.0,1.0,4.0,0.0,0.0,1.0,1.0,0.9239683551362781,14.359892559625248
1.0,1.0,0.0,0.0,2.0,0.0,5.0,0.0,0.0,0.0,1.0,11.760567219315302,22.952289315156392
0.0,0.0,1.0,0.0,3.0,5.0,4.0,4.0,1.0,0.0,1.0,5.079940148466045,17.317604340169893
1.0,1.0,1.0,1.0,2.0,2.0,2.0,2.0,0.0,0.0,0.0,13.402190135425723,23.824384485782172
1.0,1.0,1.0,0.0,4.0,5.0,1.0,0.0,0.0,0.0,0.0,9.495098079931926,23.56492622436172
1.0,1.0,0.0,0.0,5.0,4.0,1.0,1.0,0.0,1.0,1.0,19.32335022753549,22.142617885367233
1.0,1.0,1.0,1.0,5.0,4.0,3.0,3.0,0.0,0.0,0.0,13.819561983394848,26.60994485410543
0.0,0.0,0.0,1.0,0.0,1.0,0.0,5.0,1.0,0.0,0.0,8.655937956509383,15.903561268553574
0.0,0.0,0.0,0.0,3.0,3.0,5.0,4.0,0.0,1.0,1.0,17.831988449971366,26.452862236264227
0.0,1.0,1.0,1.0,0.0,2.0,5.0,5.0,1.0,1.0,1.0,10.363194888200605,15.725720514114533
0.0,0.0,1.0,0.0,1.0,5.0,5.0,3.0,0.0,0.0,0.0,15.446809859108665,24.394124386407867
0.0,0.0,0.0,1.0,3.0,5.0,2.0,2.0,1.0,0.0,0.0,7.025545674868388,16.99115810265331
0.0,0.0,0.0,1.0,1.0,5.0,4.0,0.0,0.0,0.0,1.0,19.552107576141353,25.787064921187067
1.0,1.0,0.0,1.0,4.0,2.0,4.0,4.0,0.0,1.0,1.0,6.793181825306634,17.948845023535924
1.0,1.0,0.0,1.0,0.0,3.0,2.0,2.0,0.0,1.0,1.0,-1.188404779901513,13.453090220470612
0.0,0.0,0.0,0.0,3.0,4.0,1.0,4.0,0.0,0.0,1.0,-0.4548838682464371,25.21578051086111
1.0,1.0,0.0,0.0,3.0,0.0,5.0,5.0,0.0,1.0,1.0,17.089652105291755,21.437460026710536
0.0,0.0,1.0,1.0,4.0,2.0,3.0,3.0,0.0,1.0,1.0,17.83765573971412,22.476325497175388
0.0,0.0,0.0,1.0,2.0,5.0,5.0,5.0,1.0,0.0,1.0,13.059757821865869,19.54319990331804
1.0,1.0,0.0,0.0,3.0,5.0,5.0,2.0,0.0,1.0,0.0,4.817337079289796,16.886135325955095
1.0,0.0,0.0,0.0,1.0,1.0,3.0,3.0,1.0,1.0,1.0,21.32785498058432,23.196547187486722
0.0,0.0,0.0,0.0,2.0,1.0,3.0,3.0,1.0,1.0,0.0,12.471718856621568,24.218237962332175
0.0,0.0,1.0,0.0,1.0,5.0,5.0,0.0,1.0,1.0,1.0,6.756425193678798,17.792506406514327
1.0,1.0,1.0,1.0,0.0,2.0,3.0,3.0,1.0,0.0,1.0,-1.5815244011738834,13.154159552248084
1.0,0.0,0.0,1.0,0.0,1.0,1.0,4.0,0.0,0.0,1.0,3.285444035986586,18.588709680012357
0.0,1.0,0.0,1.0,5.0,1.0,3.0,3.0,1.0,0.0,0.0,-0.2344814234737358,13.981098609063604
0.0,0.0,0.0,0.0,2.0,2.0,0.0,0.0,1.0,1.0,0.0,-1.516814460083884,25.24624158711995
1.0,1.0,1.0,1.0,5.0,2.0,0.0,0.0,0.0,0.0,0.0,21.413634864681548,25.175295832732356
1.0,1.0,0.0,1.0,1.0,3.0,3.0,1.0,0.0,1.0,0.0,4.334645787302643,15.366633943188948
1.0,1.0,1.0,1.0,5.0,1.0,2.0,2.0,1.0,0.0,1.0,9.832815409533751,18.898438426207424
0.0,0.0,1.0,0.0,1.0,4.0,0.0,0.0,0.0,1.0,0.0,13.793805421610294,25.173154376483648
0.0,0.0,1.0,0.0,5.0,3.0,0.0,1.0,0.0,0.0,0.0,16.58128386720671,23.75196983146347
1.0,1.0,0.0,1.0,5.0,0.0,5.0,2.0,0.0,0.0,0.0,1.0596460810796131,22.647375854243244
0.0,0.0,0.0,0.0,5.0,1.0,3.0,3.0,1.0,0.0,1.0,11.748233656091369,23.23116711411262
0.0,1.0,1.0,1.0,4.0,0.0,1.0,1.0,1.0,1.0,0.0,18.98489929107875,21.471844546465878
0.0,0.0,1.0,0.0,3.0,1.0,4.0,4.0,1.0,1.0,0.0,-3.6786882231330074,14.434216853136217
1.0,0.0,1.0,0.0,5.0,5.0,0.0,0.0,1.0,1.0,1.0,-0.3495168631342924,11.657238352047209
0.0,1.0,1.0,0.0,1.0,1.0,4.0,4.0,0.0,1.0,0.0,-4.1230650306301895,14.419988679727531
0.0,0.0,1.0,1.0,0.0,4.0,0.0,3.0,1.0,1.0,1.0,15.636368882355463,18.441496846831416
0.0,1.0,0.0,1.0,0.0,1.0,3.0,3.0,0.0,0.0,0.0,18.060258789549444,21.028941142595713
1.0,1.0,0.0,1.0,0.0,5.0,4.0,4.0,1.0,0.0,1.0,-3.7880079449516293,10.564470840206813
1.0,0.0,1.0,1.0,3.0,3.0,2.0,1.0,1.0,1.0,0.0,17.734735343447944,20.428287255173185
0.0,0.0,1.0,0.0,0.0,5.0,1.0,1.0,0.0,1.0,1.0,9.254849618323846,17.423076381103886
1.0,1.0,0.0,0.0,5.0,5.0,5.0,5.0,0.0,1.0,1.0,6.532012430135465,17.175269376038038
1.0,1.0,0.0,1.0,2.0,3.0,1.0,1.0,0.0,0.0,0.0,14.329848247977246,25.647053116766575
1.0,0.0,1.0,0.0,0.0,2.0,5.0,5.0,1.0,0.0,1.0,16.404951211235808,19.476748084676856
0.0,1.0,0.0,0.0,5.0,0.0,1.0,2.0,0.0,0.0,0.0,1.9354813553168517,22.4512633105108
0.0,0.0,1.0,0.0,5.0,2.0,3.0,0.0,0.0,0.0,1.0,-4.5377270535222465,20.586416609164502
0.0,0.0,0.0,1.0,3.0,3.0,3.0,1.0,1.0,0.0,0.0,12.30838467972637,19.059828463612458
0.0,1.0,0.0,1.0,3.0,0.0,2.0,4.0,1.0,1.0,0.0,16.501836998299442,20.041756367855406
1.0,1.0,0.0,0.0,3.0,5.0,3.0,4.0,0.0,1.0,1.0,20.053200125098723,22.10996735351663
0.0,1.0,0.0,0.0,3.0,5.0,5.0,5.0,0.0,0.0,0.0,3.049162571884386,26.011447009637166
0.0,0.0,0.0,0.0,5.0,1.0,2.0,0.0,1.0,1.0,1.0,14.723168054687537,25.50269486078056
0.0,1.0,1.0,1.0,5.0,5.0,3.0,5.0,0.0,1.0,1.0,7.907166889777807,19.478235643511155
1.0,1.0,1.0,1.0,4.0,5.0,2.0,2.0,0.0,1.0,0.0,20.81152301187696,22.482036601597002
0.0,0.0,0.0,1.0,1.0,5.0,5.0,5.0,0.0,0.0,0.0,7.238553418656608,25.46977850870092
